Book Id,Title,Author,Author l-f,Additional Authors,ISBN,ISBN13,My Rating,Average Rating,Publisher,Binding,Number of Pages,Year Published,Original Publication Year,Date Read,Date Added,Bookshelves,Bookshelves with positions,Exclusive Shelf,My Review,Spoiler,Private Notes,Read Count,Owned Copies
1032019,Bad Samaritans: The Myth of Free Trade and the Secret History of Capitalism,Ha-Joon Chang,"Chang, Ha-Joon",,"=""1596913991""","=""9781596913998""",4,4.20,Bloomsbury Press,Hardcover,288,2007,2007,2026/03/26,2025/04/04,audio,audio (#1),read,,,,1,0
18635622,"A Knight of the Seven Kingdoms (The Tales of Dunk and Egg, #1-3)",George R.R. Martin,"Martin, George R.R.",Gary Gianni,"=""0345533488""","=""9780345533487""",0,4.27,Bantam Books,Hardcover,355,2015,2015,,2026/03/21,"owned, currently-reading","owned (#43), currently-reading (#1)",currently-reading,,,,1,0
26049335,Sfîntă tinerețe legionară: activismul fascist în România interbelică,Roland Clark,"Clark, Roland",Marius-Adrian Hazaparu,"=""9734653571""","=""9789734653577""",0,4.34,Polirom,Paperback,288,2015,2015,,2026/03/21,to-read,to-read (#227),to-read,,,,0,0
22917123,O scurtă istorie ilustrată a românilor,Neagu Djuvara,"Djuvara, Neagu",,"=""""","=""""",0,4.59,Humanitas,Hardcover,352,2013,2013,,2026/03/21,to-read,to-read (#226),to-read,,,,0,0
84532042,Imaginea evreului in cultura romana (Romanian edition),Andrei Oișteanu,"Oișteanu, Andrei",,"=""9734628208""","=""9789734628209""",0,4.20,Editura Polirom,,688,2012,,,2026/03/21,to-read,to-read (#225),to-read,,,,0,0
56769575,Stiff: The Curious Lives of Human Cadavers,Mary Roach,"Roach, Mary",,"=""0393881725""","=""9780393881721""",0,4.06,W. W. Norton & Company,Paperback,320,2021,2003,,2026/03/21,to-read,to-read (#224),to-read,,,,0,0
33124137,Pet Sematary,Stephen  King,"King, Stephen",,"=""""","=""""",0,4.08,Scribner,Kindle Edition,580,2014,1983,,2026/03/21,to-read,to-read (#223),to-read,,,,0,0
11607,The Running Man,Richard  Bachman,"Bachman, Richard",Stephen  King,"=""0451197968""","=""9780451197962""",0,3.88,Signet,Paperback,317,1999,1982,,2026/03/21,to-read,to-read (#222),to-read,,,,0,0
7278752,Dolores Claiborne,Stephen  King,"King, Stephen",,"=""1101138173""","=""9781101138175""",0,3.95,Signet,Kindle Edition,388,2009,1992,,2026/03/21,to-read,to-read (#221),to-read,,,,0,0
29580,"Second Foundation (Foundation, #3)",Isaac Asimov,"Asimov, Isaac",,"=""0553803735""","=""9780553803730""",0,4.28,Bantam Spectra,Hardcover,256,2004,1953,,2026/03/21,to-read,to-read (#220),to-read,,,,0,0
29581,"Foundation and Empire (Foundation, #2)",Isaac Asimov,"Asimov, Isaac",,"=""0553803727""","=""9780553803723""",0,4.22,Spectra,Hardcover,256,2004,1952,,2026/03/21,to-read,to-read (#219),to-read,,,,0,0
2528,All the Names,José Saramago,"Saramago, José",Margaret Jull Costa,"=""0156010593""","=""9780156010597""",0,3.91,Mariner Books,Paperback,245,2001,1997,,2026/03/21,to-read,to-read (#218),to-read,,,,0,0
220341389,Everything Is Tuberculosis: The History and Persistence of Our Deadliest Infection,John Green,"Green, John",,"=""0525556575""","=""9780525556572""",0,4.34,Crash Course Books,Hardcover,198,2025,2025,,2026/03/21,to-read,to-read (#217),to-read,,,,0,0
58782897,The End of the World Is Just the Beginning: Mapping the Collapse of Globalization,Peter Zeihan,"Zeihan, Peter",,"=""006323047X""","=""9780063230477""",0,4.16,Harper Business,Hardcover,512,2022,2022,,2026/03/21,to-read,to-read (#216),to-read,,,,0,0
36490332,"Talking to My Daughter About the Economy: or, How Capitalism Works—and How It Fails",Yanis Varoufakis,"Varoufakis, Yanis",Jacob Moe,"=""0374718431""","=""9780374718435""",0,4.13,"Farrar, Straus and Giroux",Kindle Edition,224,2018,2013,,2026/03/21,to-read,to-read (#215),to-read,,,,0,0
75560036,Technofeudalism: What Killed Capitalism,Yanis Varoufakis,"Varoufakis, Yanis",,"=""""","=""""",0,4.02,Vintage Publishing,Hardcover,224,2023,2023,,2026/03/21,to-read,to-read (#214),to-read,,,,0,0
128747007,Emperor of Rome: Ruling the Ancient Roman World,Mary Beard,"Beard, Mary",,"=""0871404222""","=""9780871404220""",0,4.08,Liveright,Hardcover,493,2023,2023,,2026/03/21,to-read,to-read (#213),to-read,,,,0,0
61663,Pale Blue Dot: A Vision of the Human Future in Space,Carl Sagan,"Sagan, Carl",,"=""0345376595""","=""9780345376596""",0,4.34,Ballantine Books,Paperback,384,1997,1994,,2026/03/21,to-read,to-read (#212),to-read,,,,0,0
56317125,O istorie mondială a comunismului: 3. Complicii,Thierry Wolton,"Wolton, Thierry","Wilhelm Tauwinkl, Carmen Fotescu, Marieva‑Cătălina Ionescu, Mariana Piroteală, Elena Ciocoiu, Georgeta‑Anca Ionescu","=""9735062690""","=""9789735062699""",0,4.54,Humanitas,Hardcover,1024,2020,2017,,2026/03/21,"to-read, owned","to-read (#211), owned (#39)",to-read,,,,0,0
48908973,O istorie mondială a comunismului: 2. Victimele,Thierry Wolton,"Wolton, Thierry","Wilhelm Tauwinkl, Mariana Piroteală, Elena Ciocoiu, Adina Cobuz, Emanoil Marcu, Vlad Russo","=""9735062682""","=""9789735062682""",0,4.63,Humanitas,Hardcover,928,2019,2017,,2026/03/21,"to-read, owned","to-read (#210), owned (#38)",to-read,,,,0,0
42849658,O istorie mondială a comunismului: 1. Călăii,Thierry Wolton,"Wolton, Thierry","Adina Cobuz, Wilhelm Tauwinkl, Emanoil Marcu, Vlad Russo, Mariana Piroteală, Marieva-Cătălina Ionescu, Georgeta-Anca Ionescu, Elena Ciocoiu","=""9735062666""","=""9789735062668""",0,4.57,Humanitas,Hardcover,1016,2018,2015,,2023/09/02,"to-read, owned","to-read (#148), owned (#37)",to-read,,,,0,0
58800678,Coreea de Nord. Un stat-gherila in transformare,Philippe Pons,"Pons, Philippe",,"=""""","=""""",0,4.33,Corint,Paperback,848,2021,,,2024/06/18,"to-read, owned","to-read (#160), owned (#36)",to-read,,,,0,0
221788883,Ce am învăţat de la Graham Greene. O istorie de familie,Andrei Gorzo,"Gorzo, Andrei",,"=""6303440924""","=""9786303440927""",0,4.31,Polirom,Paperback,216,2024,,,2025/05/14,"to-read, owned","to-read (#184), owned (#35)",to-read,,,,0,0
10664113,"A Dance with Dragons (A Song of Ice and Fire, #5)",George R.R. Martin,"Martin, George R.R.",,"=""""","=""""",4,4.34,Random House Worlds,Kindle Edition,1125,2011,2011,2019/12/03,2017/01/24,"audio, owned","audio (#18), owned (#34)",read,,,,1,0
6334,Never Let Me Go,Kazuo Ishiguro,"Ishiguro, Kazuo",,"=""1400078776""","=""9781400078776""",3,3.85,Vintage Books ,Paperback,288,2010,2005,2021/11/20,2019/09/21,audio,audio (#29),read,,,,1,0
51704136,Little Fires Everywhere,Celeste Ng,"Ng, Celeste",,"=""0143135163""","=""9780143135166""",2,4.07,Penguin Books,Paperback,368,2020,2017,2021/12/26,2021/12/18,audio,audio (#28),read,,,,1,0
57648017,The Storyteller: Tales of Life and Music,Dave Grohl,"Grohl, Dave",,"=""0063076098""","=""9780063076099""",2,4.43, Dey Street Books ,Hardcover,384,2021,2021,2022/10/27,2022/10/23,audio,audio (#27),read,,,,1,0
23593236,Nevoia de miracol: fenomenul pelerinajelor în România contemporană,Mirel Bănică,"Bănică, Mirel",Sorin Antohi,"=""9734644866""","=""9789734644865""",2,4.04,Polirom,Paperback,432,2014,2014,2026/03/19,2023/10/24,owned,owned (#33),read,,,,1,0
59808056,The Story of Russia,Orlando Figes,"Figes, Orlando",,"=""125079689X""","=""9781250796899""",0,4.24,Metropolitan Books,Hardcover,368,2022,2022,,2026/03/15,to-read,to-read (#209),to-read,,,,0,0
224379,Gulag: A History,Anne Applebaum,"Applebaum, Anne",,"=""0767900561""","=""9780767900560""",0,4.29,Doubleday,Hardcover,677,2003,2003,,2026/03/15,to-read,to-read (#208),to-read,,,,0,0
18832,Koba the Dread: Laughter and the Twenty Million,Martin Amis,"Amis, Martin",,"=""1400032202""","=""9781400032204""",0,3.86,Vintage,Paperback,306,2003,2002,,2026/03/15,to-read,to-read (#207),to-read,,,,0,0
35959740,Circe,Madeline Miller,"Miller, Madeline",,"=""0316556343""","=""9780316556347""",0,4.22,"Little, Brown and Company",Hardcover,393,2018,2018,,2026/03/06,to-read,to-read (#206),to-read,,,,0,0
230207121,The Hour of the Predator,Giuliano da Empoli,"Empoli, Giuliano da",Sam Taylor,"=""1805680161""","=""9781805680161""",4,3.95,Pushkin Press,Paperback,160,2025,2025,2026/03/06,2026/02/15,audio,audio (#26),read,,,,1,0
25499718,"Children of Time (Children of Time, #1)",Adrian Tchaikovsky,"Tchaikovsky, Adrian",,"=""1447273281""","=""9781447273288""",0,4.30,PanMacmillan,Hardcover,600,2015,2015,,2026/02/24,to-read,to-read (#205),to-read,,,,0,0
33313,Kitchen Confidential: Adventures in the Culinary Underbelly,Anthony Bourdain,"Bourdain, Anthony",,"=""0060899220""","=""9780060899226""",4,4.19,Ecco/Harper Perennial,Paperback,312,2007,2000,2026/02/20,2017/01/04,audio,audio (#25),read,,,,1,0
125082593,The Wizard of the Kremlin,Giuliano da Empoli,"Empoli, Giuliano da",Willard Wood,"=""1635423961""","=""9781635423969""",0,4.05,Other Press,Kindle Edition,297,2023,2022,,2026/02/15,"to-read, owned","to-read (#204), owned (#40)",to-read,,,,0,0
216400246,Neîncrederea: Cum funcționează România profundă. O cercetare antropologică,Radu Umbres,"Umbres, Radu",,"=""9735084953""","=""9789735084950""",3,4.18,Humanitas,Paperback,408,2024,2022,2026/01/26,2025/10/17,owned,owned (#11),read,,,,1,0
166997,Stoner,John  Williams,"Williams, John",John McGahern,"=""1590171993""","=""9781590171998""",0,4.36,New York Review Books,Paperback,292,2006,1965,,2025/12/05,to-read,to-read (#203),to-read,,,,0,0
176443397,"Vulture Capitalism: Corporate Crimes, Backdoor Bailouts, and the Death of Freedom",Grace Blakeley,"Blakeley, Grace",,"=""1982180854""","=""9781982180850""",0,4.15,Atria Books,Hardcover,360,2024,2024,,2025/12/05,to-read,to-read (#202),to-read,,,,0,0
188543465,The Trading Game: A Confession,Gary  Stevenson,"Stevenson, Gary",,"=""0593727215""","=""9780593727218""",0,4.13,Crown Currency,Hardcover,352,2024,2024,,2025/12/05,to-read,to-read (#201),to-read,,,,0,0
230851689,Primăvara la Bug: O poveste nespusă despre deportarea romilor în cel de-al Doilea Război Mondial,Mircea Tănase,"Tănase, Mircea",Gelu Duminică,"=""6069671422""","=""9786069671429""",3,4.64,Hyperliteratura,Paperback,272,2025,,2025/11/23,2025/11/10,owned,owned (#12),read,,,,1,0
1870130,Journal 1935-1944,Mihail Sebastian,"Sebastian, Mihail",,"=""0712683887""","=""9780712683883""",0,4.57,Random House,Paperback,641,2003,1996,,2025/11/13,to-read,to-read (#200),to-read,,,,0,0
34427004,Uneasy Street: The Anxieties of Affluence,Rachel Sherman,"Sherman, Rachel",,"=""0691165505""","=""9780691165509""",0,3.62,Princeton University Press,Hardcover,328,2017,2017,,2025/11/13,to-read,to-read (#199),to-read,,,,0,0
9014,The Long Walk,Richard  Bachman,"Bachman, Richard",Stephen  King,"=""0451196716""","=""9780451196712""",3,4.00,Signet,Mass Market Paperback,370,1999,1979,2025/10/20,2025/09/21,audio,audio (#2),read,,,,1,0
6320534,Under the Dome,Stephen  King,"King, Stephen",,"=""1439148503""","=""9781439148501""",0,3.93,Scribner,Hardcover,1074,2009,2009,,2025/10/20,to-read,to-read (#198),to-read,,,,0,0
63335218,Theodoros,Mircea Cărtărescu,"Cărtărescu, Mircea",,"=""9735077248""","=""9789735077242""",3,4.35,Humanitas,Hardcover,632,2022,2022,2025/10/13,2025/04/14,owned,owned (#9),read,,,,1,0
573045,The Crowd: A Study of the Popular Mind,Gustave Le Bon,"Bon, Gustave Le",,"=""0486419568""","=""9780486419565""",0,3.80,Dover Publications,Paperback,160,2002,1895,,2025/09/19,to-read,to-read (#197),to-read,,,,0,0
542389,"Stalingrad: The Fateful Siege, 1942–1943",Antony Beevor,"Beevor, Antony",,"=""0140284583""","=""9780140284584""",0,4.33,Penguin Books,Paperback,494,1999,1998,,2025/08/30,to-read,to-read (#196),to-read,,,,0,0
15811554,Honor,Elif Shafak,"Shafak, Elif",,"=""0670784834""","=""9780670784837""",0,4.15,Viking,Hardcover,352,2013,2011,,2025/07/08,to-read,to-read (#195),to-read,,,,0,0
29579,"Foundation (Foundation, #1)",Isaac Asimov,"Asimov, Isaac",,"=""0553803719""","=""9780553803716""",0,4.17,Bantam,Hardcover,244,2004,1951,,2025/07/08,to-read,to-read (#194),to-read,,,,0,0
16059356,The Man Who Loved Dogs,Leonardo Padura,"Padura, Leonardo",Anna Kushner,"=""0374201749""","=""9780374201746""",0,4.47,"Farrar, Straus and Giroux",Hardcover,592,2014,2009,,2025/07/03,to-read,to-read (#193),to-read,,,,0,0
50024187,Apeirogon,Colum McCann,"McCann, Colum",,"=""067960460X""","=""9780679604600""",0,4.25,Random House,Kindle Edition,480,2020,2019,,2025/07/03,to-read,to-read (#192),to-read,,,,0,0
42185866,Bloc Life: Stories from the Lost World of Communism,Peter Molloy,"Molloy, Peter",,"=""184607617X""","=""9781846076176""",0,4.01,BBC Books,Paperback,320,2019,2008,,2025/07/01,to-read,to-read (#191),to-read,,,,0,0
218286396,Fixed: My Secret Life as a Match Fixer,Moses Swaibu,"Swaibu, Moses",,"=""1789468450""","=""9781789468458""",0,3.88,Blink Publishing,Kindle Edition,284,2025,,,2025/06/23,to-read,to-read (#190),to-read,,,,0,0
24040194,Life on the Edge: The Coming of Age of Quantum Biology,Johnjoe McFadden,"McFadden, Johnjoe",Jim Al-Khalili,"=""0307986810""","=""9780307986818""",0,4.11,Crown,Hardcover,368,2015,2014,,2025/06/13,to-read,to-read (#189),to-read,,,,0,0
154060,A Mathematician's Apology,G.H. Hardy,"Hardy, G.H.",,"=""0521427061""","=""9780521427067""",0,3.91,Fisicalbook,Paperback,256,1992,1940,,2025/06/13,to-read,to-read (#188),to-read,,,,0,0
58398896,Între faimă și onoare se așterne întunericul. Povestiri autobiografice,Andrea Petkovic,"Petkovic, Andrea",Alexandru Mihăilescu,"=""6069502078""","=""9786069502075""",0,4.18,Pilot Books,Paperback,240,2021,2020,,2025/06/12,"to-read, owned","to-read (#187), owned (#41)",to-read,,,,0,0
152265960,"Biserica de stat, sau Biserica în stat? O istorie a Bisericii Ortodoxe Române, 1918–2023",Oliver Jens Schmitt,"Schmitt, Oliver Jens",,"=""9735079194""","=""9789735079192""",0,4.31,Humanitas,Paperback,460,2023,,,2025/06/03,"to-read, owned","to-read (#186), owned (#10)",to-read,,,,0,0
52139,The Harvest of Sorrow: Soviet Collectivization and the Terror-Famine,Robert Conquest,"Conquest, Robert",,"=""0195051807""","=""9780195051803""",0,4.15,"Oxford University Press, U.S.A.",Paperback,411,1987,1986,,2025/05/30,to-read,to-read (#185),to-read,,,,0,0
223436601,"Careless People: A Cautionary Tale of Power, Greed, and Lost Idealism",Sarah Wynn-Williams,"Wynn-Williams, Sarah",,"=""1250391237""","=""9781250391230""",0,4.13,Flatiron Books,Hardcover,382,2025,2025,,2025/04/28,to-read,to-read (#183),to-read,,,,0,0
149267,The Stand,Stephen  King,"King, Stephen",Bernie Wrightson,"=""""","=""""",4,4.35,Doubleday Books,Hardcover,1152,1990,1978,2022/12/04,2021/08/29,audio,audio (#15),read,,,,1,0
13496,"A Game of Thrones (A Song of Ice and Fire, #1)",George R.R. Martin,"Martin, George R.R.",,"=""0553588486""","=""9780553588484""",4,4.45,Bantam,Mass Market Paperback,835,2005,1996,2019/06/06,2016/12/21,"owned, audio","owned (#27), audio (#24)",read,,,,1,0
3018539,Death with Interruptions,José Saramago,"Saramago, José",Margaret Jull Costa,"=""0151012741""","=""9780151012749""",0,4.01,Houghton Mifflin Harcourt,Hardcover,238,2008,2005,,2025/04/26,to-read,to-read (#182),to-read,,,,0,0
2526,Blindness,José Saramago,"Saramago, José",Giovanni Pontiero,"=""""","=""""",0,4.18,Houghton Mifflin Harcourt Publishing Company,Paperback,326,1999,1995,,2025/04/26,to-read,to-read (#181),to-read,,,,0,0
11566,The Green Mile,Stephen  King,"King, Stephen",,"=""0451933028""","=""9780451933027""",3,4.49,Penguin Signet,Paperback,592,1996,1996,2025/04/20,2017/01/24,audio,audio (#17),read,,,,1,0
280582,"Work, Consumerism and the New Poor (Issues in Society)",Zygmunt Bauman,"Bauman, Zygmunt",,"=""033521598X""","=""9780335215980""",4,4.18,Open University Press,Paperback,144,2004,1998,2025/04/07,2024/09/30,owned,owned (#13),read,,,,1,0
29780253,Born a Crime: Stories from a South African Childhood,Trevor Noah,"Noah, Trevor",,"=""0385689225""","=""9780385689229""",3,4.49,Doubleday Canada,Hardcover,289,2016,2016,2025/04/06,2025/02/27,audio,audio (#3),read,,,,1,0
3715824,Trei dinți din față,Marin Sorescu,"Sorescu, Marin",,"=""""","=""""",3,4.23,Creuzet,Paperback,540,1993,1977,2025/04/06,2019/08/10,owned,owned (#8),read,,,,1,0
60500189,Journey of the Mind: How Thinking Emerged from Chaos,Ogi Ogas,"Ogas, Ogi",Sai Gaddam,"=""1324006587""","=""9781324006589""",0,3.94,W. W. Norton & Company,Kindle Edition,426,2022,,,2025/04/04,to-read,to-read (#180),to-read,,,,0,0
18142199,The Anatomy of Liverpool: A History in Ten Matches,Jonathan  Wilson,"Wilson, Jonathan",,"=""1409144410""","=""9781409144410""",0,4.17,Orion,Hardcover,224,2013,2013,,2025/03/17,to-read,to-read (#179),to-read,,,,0,0
422368,Behind the Curtain: Travels in Eastern European Football,Jonathan  Wilson,"Wilson, Jonathan",,"=""0752879456""","=""9780752879451""",0,4.08,Orion Publishing,Paperback,325,2006,2006,,2025/03/17,to-read,to-read (#178),to-read,,,,0,0
31370074,Against the Odds: Survival on the Russian Front 1944-1945,John Stieber,"Stieber, John",,"=""""","=""""",0,4.31,,Kindle Edition,297,2016,1995,,2025/02/27,to-read,to-read (#177),to-read,,,,0,0
84571,"Ivan's War: Life and Death in the Red Army, 1939-1945",Catherine Merridale,"Merridale, Catherine",,"=""0312426526""","=""9780312426521""",0,4.07,Picador,Paperback,462,2006,2005,,2025/02/27,to-read,to-read (#176),to-read,,,,0,0
18866705,"Dust (Silo, #3)",Hugh Howey,"Howey, Hugh",,"=""""","=""""",2,4.23,Cornerstone Digital,ebook,416,2013,2013,2025/02/27,2025/02/06,audio,audio (#4),read,,,,1,0
167356,Naked Airport: A Cultural History of the World's Most Revolutionary Structure,Alastair Gordon,"Gordon, Alastair",,"=""0805065180""","=""9780805065183""",0,3.82,Metropolitan Books,Hardcover,320,2004,2004,,2025/02/24,to-read,to-read (#175),to-read,,,,0,0
17306293,"Shift (Silo, #2)",Hugh Howey,"Howey, Hugh",,"=""""","=""""",3,4.13,Broad Reach Publishing,Kindle Edition,579,2013,2013,2025/02/14,2025/02/06,audio,audio (#5),read,,,,1,0
34454589,The Handmaid's Tale,Margaret Atwood,"Atwood, Margaret",,"=""1328879941""","=""9781328879943""",0,4.15,Houghton Mifflin Harcourt,Hardcover,320,2017,1985,,2025/02/06,to-read,to-read (#174),to-read,,,,0,0
43868109,Empire of Pain: The Secret History of the Sackler Dynasty,Patrick Radden Keefe,"Keefe, Patrick Radden",,"=""0385545681""","=""9780385545686""",0,4.54,Doubleday,Hardcover,535,2021,2021,,2025/01/24,to-read,to-read (#173),to-read,,,,0,0
188378,The Anatomy of Fascism,Robert O. Paxton,"Paxton, Robert O.",,"=""""","=""""",0,4.22,Vintage,Paperback,336,2005,2004,,2025/01/23,to-read,to-read (#172),to-read,,,,0,0
216718626,Rasul dracului,Cristian Tudor Popescu,"Popescu, Cristian Tudor",,"=""9734699008""","=""9789734699001""",4,4.07,Polirom,Paperback,368,2024,,2025/01/12,2024/12/10,owned,owned (#7),read,,,,1,0
89281,"Why People Believe Weird Things: Pseudoscience, Superstition, and Other Confusions of Our Time",Michael Shermer,"Shermer, Michael",Stephen Jay Gould,"=""0805070893""","=""9780805070897""",0,3.86,Holt Paperbacks,Paperback,384,2002,1997,,2024/12/14,to-read,to-read (#171),to-read,,,,0,0
27246166,String Theory: David Foster Wallace on Tennis,David Foster Wallace,"Wallace, David Foster",John Jeremiah Sullivan,"=""1598534807""","=""9781598534801""",0,4.15,Library of America,Hardcover,138,2016,2014,,2024/12/14,to-read,to-read (#170),to-read,,,,0,0
201375022,"Conspiracyland: Trolls, True Believers and the New Information War",Marianna Spring,"Spring, Marianna",,"=""1838955259""","=""9781838955250""",0,3.87,Atlantic Books,Kindle Edition,315,2024,,,2024/12/06,to-read,to-read (#169),to-read,,,,0,0
15835804,Regele alb,György Dragomán,"Dragomán, György",Ildikó Gábos-Foarță,"=""9734610090""","=""9789734610099""",3,3.99,Editura Polirom,Hardcover,324,2008,2005,2024/11/27,2024/09/09,owned,owned (#14),read,,,,1,0
206032553,The Coming Storm: Shortlisted for the Orwell Prize for Political Writing - A Journey into the Heart of the Conspiracy Machine,Gabriel Gatehouse,"Gatehouse, Gabriel",,"=""1473533430""","=""9781473533431""",0,4.09,BBC Digital,Kindle Edition,363,2024,,,2024/11/05,to-read,to-read (#168),to-read,,,,0,0
113794,So You Wanna Be a Rock & Roll Star: How I Machine-Gunned a Roomful Of Record Executives and Other True Tales from a Drummer's Life,Jacob Slichter,"Slichter, Jacob",,"=""0767914716""","=""9780767914710""",0,3.97,Crown,Paperback,304,2005,2004,,2024/10/13,to-read,to-read (#167),to-read,,,,0,0
123025977,Broken Code: Inside Facebook and the Fight to Expose Its Harmful Secrets,Jeff Horwitz,"Horwitz, Jeff",,"=""0593793196""","=""9780593793190""",0,3.87,Random House Large Print,Paperback,528,2023,,,2024/10/07,to-read,to-read (#166),to-read,,,,0,0
34466958,Bullshit Jobs: A Theory,David Graeber,"Graeber, David",,"=""150114331X""","=""9781501143311""",0,4.02,Simon & Schuster,Hardcover,335,2018,2018,,2024/10/01,to-read,to-read (#165),to-read,,,,0,0
33383233,Vara în care mama a avut ochii verzi,Tatiana Țîbuleac,"Țîbuleac, Tatiana",,"=""""","=""""",4,4.31,Cartier,Paperback,122,2017,2017,2024/09/12,2024/09/11,owned,owned (#6),read,,,,1,0
26196244,Chasing Water: Elegy of an Olympian,Anthony Ervin,"Ervin, Anthony",Constantine Markides,"=""1617754447""","=""9781617754449""",0,4.07,Edge of Sports,Paperback,320,2016,2016,,2024/09/10,to-read,to-read (#164),to-read,,,,0,0
15195,The Complete Maus,Art Spiegelman,"Spiegelman, Art",,"=""0141014083""","=""9780141014081""",5,4.58,Penguin Books,Paperback,296,2003,1980,2024/09/07,2024/09/01,owned,owned (#15),read,,,,1,0
37941619,Berlin,Jason Lutes,"Lutes, Jason",,"=""1770463267""","=""9781770463264""",0,4.45,Drawn and Quarterly,Hardcover,580,2018,2018,,2024/09/07,to-read,to-read (#163),to-read,,,,0,0
3106983,Persepolis: The Story of a Childhood and The Story of a Return,Marjane Satrapi,"Satrapi, Marjane",Anjali Singh,"=""009952399X""","=""9780099523994""",4,4.40,Vintage,Paperback,344,2008,2007,2024/08/30,2024/07/22,owned,owned (#5),read,,,,1,0
201305448,"Downfall: Putin, Prigozhin, and the fight for the future of Russia",Anna Arutunyan,"Arutunyan, Anna",,"=""1529927374""","=""9781529927375""",0,4.03,Ebury Digital,Kindle Edition,262,2024,,,2024/08/28,to-read,to-read (#162),to-read,,,,0,0
22237163,One of Us: The Story of Anders Breivik and the Massacre in Norway,Åsne Seierstad,"Seierstad, Åsne",Sarah Death,"=""0374277893""","=""9780374277895""",0,4.43,"Farrar, Straus and Giroux",Hardcover,530,2015,2013,,2024/08/27,to-read,to-read (#161),to-read,,,,0,0
58526827,"""Tovarășa"" Biografia Elenei Ceaușescu",Lavinia Betea,"Betea, Lavinia",,"=""""","=""""",3,3.94,"Corint Istorie autori români, 2021",Paperback,394,2021,2021,2024/08/08,2024/06/20,owned,owned (#4),read,,,,1,0
50776459,Shape Up: Stop Running in Circles and Ship Work that Matters,Ryan Singer,"Singer, Ryan",Jason Fried,"=""""","=""""",3,4.26,Basecamp,ebook,133,2019,2019,2024/08/01,2023/11/28,,,read,,,,1,0
16165917,De ce este România altfel?,Lucian Boia,"Boia, Lucian",,"=""9735038382""","=""9789735038380""",2,3.84,Humanitas,Paperback,128,2012,2012,2024/06/17,2024/05/08,,,read,,,,1,0
11289,"The Rise of Endymion (Hyperion Cantos, #4)",Dan Simmons,"Simmons, Dan",,"=""0553572989""","=""9780553572988""",0,4.17,Spectra,Mass Market Paperback,709,1998,1997,,2024/05/14,to-read,to-read (#159),to-read,,,,0,0
3977,"Endymion (Hyperion Cantos, #3)",Dan Simmons,"Simmons, Dan",Gary Ruddell,"=""0553572946""","=""9780553572940""",0,4.19,Bantam Spectra,Mass Market Paperback,563,1996,1996,,2024/05/14,to-read,to-read (#158),to-read,,,,0,0
23168817,"The Dark Forest (Remembrance of Earth’s Past, #2)",Liu Cixin,"Cixin, Liu",Joel Martinsen,"=""""","=""""",4,4.40,Tor Books,Hardcover,512,2015,2008,2024/02/03,2024/01/24,audio,audio (#10),read,,,,1,0
77565,"The Fall of Hyperion (Hyperion Cantos, #2)",Dan Simmons,"Simmons, Dan",,"=""0553288202""","=""9780553288209""",3,4.24,Spectra,Mass Market Paperback,517,1995,1990,2024/05/05,2024/04/10,"owned, audio","owned (#16), audio (#6)",read,,,,1,0
77566,"Hyperion (Hyperion Cantos, #1)",Dan Simmons,"Simmons, Dan",,"=""0553283685""","=""9780553283686""",4,4.28,Bantam Doubleday Dell Publishing Group,Mass Market Paperback,500,1990,1989,2024/04/09,2024/02/29,"owned, audio","owned (#17), audio (#7)",read,,,,1,0
20149192,How Jesus Became God: The Exaltation of a Jewish Preacher from Galilee,Bart D. Ehrman,"Ehrman, Bart D.",,"=""""","=""""",0,4.10,HarperOne,Hardcover,416,2014,2014,,2024/03/29,to-read,to-read (#157),to-read,,,,0,0
51364,Misquoting Jesus: The Story Behind Who Changed the Bible and Why,Bart D. Ehrman,"Ehrman, Bart D.",,"=""0060859512""","=""9780060859510""",0,3.94,HarperOne,Paperback,272,2007,2005,,2024/03/29,to-read,to-read (#156),to-read,,,,0,0
83817782,Determined: A Science of Life without Free Will,Robert M. Sapolsky,"Sapolsky, Robert M.",,"=""0525560971""","=""9780525560975""",0,4.23,Penguin Press,Hardcover,528,2023,2023,,2024/03/16,to-read,to-read (#155),to-read,,,,0,0
27021468,The Baron's Sons,Mór Jókai,"Jókai, Mór",,"=""1505539773""","=""9781505539776""",0,3.63,Createspace,Paperback,216,2015,1869,,2024/03/15,to-read,to-read (#154),to-read,,,,0,0
17125,One Day in the Life of Ivan Denisovich,Aleksandr Solzhenitsyn,"Solzhenitsyn, Aleksandr","Ronald Hingley, H.T. Willetts, Leopold Labedz, Max Hayward","=""""","=""""",0,3.98,"Farrar, Straus and Giroux",Paperback,182,2005,1962,,2017/01/24,to-read,to-read (#42),to-read,,,,0,0
34066798,A Gentleman in Moscow,Amor Towles,"Towles, Amor",,"=""""","=""""",0,4.32,Penguin Books,Paperback,495,2019,2016,,2024/03/10,to-read,to-read (#153),to-read,,,,0,0
46432,Epitaph for a Spy,Eric Ambler,"Ambler, Eric",,"=""0375713247""","=""9780375713248""",0,3.90,Knopf Doubleday Publishing Group,Paperback,263,2002,1938,,2024/03/04,to-read,to-read (#152),to-read,,,,0,0
23168277,"The Sympathizer (The Sympathizer, #1)",Viet Thanh Nguyen,"Nguyen, Viet Thanh",,"=""0802123457""","=""9780802123459""",5,4.01,Grove Press,Hardcover,384,2015,2015,2024/02/27,2024/02/22,"owned, audio","owned (#18), audio (#8)",read,,,,1,0
25451264,"Death's End (Remembrance of Earth’s Past, #3)",Liu Cixin,"Cixin, Liu",Ken Liu,"=""0765377101""","=""9780765377104""",3,4.40,TOR,Hardcover,604,2016,2010,2024/02/13,2024/01/24,audio,audio (#9),read,,,,1,0
15797397,Salt Sugar Fat: How the Food Giants Hooked Us,Michael  Moss,"Moss, Michael",,"=""1400069807""","=""9781400069804""",0,4.02,Random House,Hardcover,480,2013,2013,,2024/02/03,to-read,to-read (#151),to-read,,,,0,0
20518872,"The Three-Body Problem (Remembrance of Earth’s Past, #1)",Liu Cixin,"Cixin, Liu",Ken Liu,"=""""","=""""",3,4.08,Tor Books,Hardcover,472,2014,2006,2024/01/26,2024/01/24,audio,audio (#11),read,,,,1,0
119073,The Name of the Rose,Umberto Eco,"Eco, Umberto",William Weaver,"=""0156001314""","=""9780156001311""",0,4.14,Houghton Mifflin Harcourt,Paperback,552,1994,1980,,2017/01/24,to-read,to-read (#150),to-read,,,,0,0
30621478,Pretul Aurului. Sinceritate Incomoda,Maria Olaru,"Olaru, Maria",,"=""9736457583""","=""9789736457586""",2,3.53,Vremea,Paperback,241,2016,,2023/11/02,2023/10/26,owned,owned (#42),read,,,,1,0
57551003,Nadia și Securitatea,Stejarel Olaru,"Olaru, Stejarel",,"=""""","=""""",3,4.05,Epica,Paperback,416,2021,2021,2023/10/23,2023/10/16,owned,owned (#1),read,,,,1,0
327281,El señor presidente,Miguel Ángel Asturias,"Asturias, Miguel Ángel",Alejandro Lanoël-d'Aussenac,"=""8437615178""","=""9788437615172""",3,3.97,Cátedra,Paperback,432,2005,1946,2023/10/16,2022/11/26,owned,owned (#3),read,,,,1,0
6651778,Traffic: Why We Drive the Way We Do (and What It Says about Us),Tom Vanderbilt,"Vanderbilt, Tom",,"=""0141027398""","=""9780141027395""",0,3.72,"Penguin Books, Limited (UK)",Paperback,416,2009,2008,,2023/09/28,to-read,to-read (#149),to-read,,,,0,0
13453029,"Wool Omnibus (Silo, #1)",Hugh Howey,"Howey, Hugh",,"=""""","=""""",3,4.23,Broad Reach Publishing,Paperback,509,2012,2012,2023/09/17,2023/09/17,,,read,,,,1,0
6177354,Cruciada copiilor,Florina Ilis,"Ilis, Florina",,"=""""","=""""",3,3.93,Cartea Românească,Paperback,488,2005,2005,2023/07/11,2021/04/30,owned,owned (#19),read,,,,1,0
60560749,A Man Called Otto,Fredrik Backman,"Backman, Fredrik",Henning Koch,"=""166801081X""","=""9781668010815""",4,4.38,Atria,Paperback,368,2022,2012,2023/01/01,2023/06/06,audio,audio (#12),read,,,,1,0
59641216,"Friends, Lovers, and the Big Terrible Thing",Matthew  Perry,"Perry, Matthew",Lisa Kudrow,"=""1250866448""","=""9781250866448""",2,3.94,Flatiron Books,Hardcover,250,2022,2022,2022/12/30,2022/12/30,audio,audio (#13),read,,,,1,0
61106887,Dumnezeu nu e mort,Cristian Tudor Popescu,"Popescu, Cristian Tudor",,"=""9734689975""","=""9789734689972""",4,4.28,Polirom,Paperback,208,2022,2022,2022/12/20,2022/12/17,owned,owned (#2),read,,,,1,0
62069753,Șapte povești care nu se termină bine pentru toată lumea,Cătălin Ceaușoglu,"Ceaușoglu, Cătălin",,"=""6064313307""","=""9786064313300""",3,3.91,Editura Nemira,Paperback,336,2022,,2022/12/16,2022/12/05,owned,owned (#20),read,,,,1,0
56269264,The Dawn of Everything: A New History of Humanity,David Graeber,"Graeber, David",David Wengrow,"=""0374157359""","=""9780374157357""",0,4.19,"Farrar, Straus and Giroux",Hardcover,692,2021,2021,,2022/11/26,to-read,to-read (#147),to-read,,,,0,0
50552934,The Last Interview: A Novel,Eshkol Nevo,"Nevo, Eshkol",Sondra Silverston,"=""1635429870""","=""9781635429879""",0,3.95,Other Press,Paperback,480,2020,2018,,2022/11/26,to-read,to-read (#146),to-read,,,,0,0
9957,The Cement Garden,Ian McEwan,"McEwan, Ian",,"=""0099468387""","=""9780099468387""",0,3.53,Vintage,Paperback,144,2004,1978,,2022/11/25,to-read,to-read (#145),to-read,,,,0,0
39943621,"Fire & Blood (A Targaryen History, #1)",George R.R. Martin,"Martin, George R.R.",Doug Wheatley,"=""152479628X""","=""9781524796280""",3,4.05,Random House Worlds,Hardcover,706,2018,2018,2022/10/23,2022/10/14,audio,audio (#14),read,,,,1,0
59112747,Exit Stage Left: The Curious Afterlife of Pop Stars,Nick Duerden,"Duerden, Nick",,"=""1472277775""","=""9781472277770""",0,3.76,Hachette Mobius,Hardcover,400,2022,,,2022/09/22,to-read,to-read (#144),to-read,,,,0,0
58691632,Bodies,Ian Winwood,"Winwood, Ian",,"=""0571364187""","=""9780571364183""",0,4.09,Faber & Faber,Paperback,320,2023,,,2022/08/30,to-read,to-read (#143),to-read,,,,0,0
795045,Individualization: Institutionalized Individualism and its Social and Political Consequences,Ulrich Beck,"Beck, Ulrich",Elisabeth Beck-Gernsheim,"=""0761961127""","=""9780761961123""",0,3.88,SAGE Publications Ltd,Paperback,222,2002,1997,,2022/08/29,to-read,to-read (#142),to-read,,,,0,0
39717362,The Perils of Perception: Why We're Wrong About Nearly Everything,Bobby Duffy,"Duffy, Bobby",,"=""1786494574""","=""9781786494573""",0,3.72,Atlantic Books,Kindle Edition,320,2018,2018,,2022/08/15,to-read,to-read (#141),to-read,,,,0,0
43565323,"Black Wave: Saudi Arabia, Iran, and the Forty-Year Rivalry That Unraveled Culture, Religion, and Collective Memory in the Middle East",Kim Ghattas,"Ghattas, Kim",,"=""1250131200""","=""9781250131201""",0,4.40,Henry Holt and Co.,Hardcover,400,2020,2020,,2022/08/05,to-read,to-read (#140),to-read,,,,0,0
29838110,Mamé,Nicolae Avram,"Avram, Nicolae",,"=""9734660888""","=""9789734660889""",0,3.22,Polirom,ebook,216,2016,2016,,2022/07/24,to-read,to-read (#139),to-read,,,,0,0
61134038,A râs și tata,Remus Boldea,"Boldea, Remus",,"=""6064013729""","=""9786064013729""",0,3.31,TREI,Paperback,160,2022,,,2022/07/17,to-read,to-read (#138),to-read,,,,0,0
33864676,Red Famine: Stalin's War on Ukraine,Anne Applebaum,"Applebaum, Anne",,"=""0771009305""","=""9780771009303""",0,4.39,Signal,Hardcover,496,2017,2017,,2022/07/16,to-read,to-read (#137),to-read,,,,0,0
12377879,Russia: A 1000-Year Chronicle of the Wild East,Martin Sixsmith,"Sixsmith, Martin",,"=""1590207238""","=""9781590207239""",0,4.17,Abrams Press,Hardcover,624,2012,2011,,2022/07/16,to-read,to-read (#136),to-read,,,,0,0
25264972,Securitatea și vânzarea evreilor: istoria acordurilor secrete dintre România și Israel,Radu Ioanid,"Ioanid, Radu",Paul A. Shapiro,"=""9734650726""","=""9789734650729""",0,4.00,Polirom,Paperback,576,2015,2005,,2022/07/15,to-read,to-read (#135),to-read,,,,0,0
53937103,Ultimul curier ilegal,Cornel Nemetzi,"Nemetzi, Cornel",,"=""9738935903""","=""9789738935907""",0,4.14,Marist,Paperback,542,2013,2013,,2022/06/23,to-read,to-read (#134),to-read,,,,0,0
56398748,Romii. Sclavie și Libertate,Petre Petcuț,"Petcuț, Petre",,"=""""","=""""",4,4.00,Editura Centrului Național de Cultură a Romilor,Unknown Binding,265,2020,,2022/05/18,2022/04/12,,,read,,,,1,0
249825,Five Chimneys: A Woman Survivor's True Story of Auschwitz,Olga Lengyel,"Lengyel, Olga",,"=""0897333764""","=""9780897333764""",0,4.42,Academy Chicago Publishers,Paperback,232,1995,1947,,2022/04/29,to-read,to-read (#133),to-read,,,,0,0
36125264,The Vory: Russia's Super Mafia,Mark Galeotti,"Galeotti, Mark",,"=""0300186827""","=""9780300186826""",0,3.79,Yale University Press,Hardcover,344,2018,2018,,2022/04/27,to-read,to-read (#132),to-read,,,,0,0
56432886,Sclavia Romilor în Țara Românească,Adrian Furtună,"Furtună, Adrian",,"=""6069097246""","=""9786069097243""",4,4.00,Editura Cwntrului Național de Cultură a Romilor - Romano Kher,,176,2020,,2022/04/27,2022/04/12,,,read,,,,1,0
30431916,Copilul invizibil,Gáspár György,"György, Gáspár",,"=""606588863X""","=""9786065888630""",3,4.19,Curtea Veche Publishing,Paperback,192,2016,,2022/04/27,2022/04/20,,,read,,,,1,0
51801261,The World According to Physics,Jim Al-Khalili,"Al-Khalili, Jim",,"=""0691182302""","=""9780691182308""",0,4.13,Princeton University Press,Hardcover,304,2020,2020,,2022/04/21,to-read,to-read (#131),to-read,,,,0,0
13435894,Zoo Station: The Story of Christiane F.,Christiane V. Felscherinow,"Felscherinow, Christiane V.","Kai Hermann, Horst Rieck","=""1936976226""","=""9781936976225""",0,4.37,Zest Books,Paperback,368,2013,1978,,2022/04/19,to-read,to-read (#130),to-read,,,,0,0
384924,Waking the Tiger: Healing Trauma,Peter A. Levine,"Levine, Peter A.",Ann  Frederick,"=""155643233X""","=""9781556432330""",0,4.06,North Atlantic Books,Paperback,288,1997,1997,,2022/04/17,to-read,to-read (#129),to-read,,,,0,0
8582180,In an Unspoken Voice: How the Body Releases Trauma and Restores Goodness,Peter A. Levine,"Levine, Peter A.",Gabor Maté,"=""1556439431""","=""9781556439438""",0,4.34,North Atlantic Books,Paperback,384,2010,2010,,2022/04/17,to-read,to-read (#128),to-read,,,,0,0
1099398,Mozart: Portrait of a Genius,Norbert Elias,"Elias, Norbert",Edmund Jephcott,"=""0520084756""","=""9780520084759""",0,3.86,University of California Press,Hardcover,152,1993,1991,,2022/04/13,to-read,to-read (#127),to-read,,,,0,0
33375619,Border: A Journey to the Edge of Europe,Kapka Kassabova,"Kassabova, Kapka",,"=""1555977863""","=""9781555977863""",0,4.14,Graywolf Press,Paperback,400,2017,2017,,2022/04/08,to-read,to-read (#126),to-read,,,,0,0
40779082,The Guns of August,Barbara W. Tuchman,"Tuchman, Barbara W.",,"=""""","=""""",0,4.18,Random House,Kindle Edition,710,2009,1962,,2022/03/24,to-read,to-read (#125),to-read,,,,0,0
23247716,America de peste pogrom,Cătălin Mihuleac,"Mihuleac, Cătălin",,"=""973233083X""","=""9789732330838""",2,4.37,Cartea Românească,Paperback,248,2014,2014,2022/03/18,2021/03/29,owned,owned (#21),read,,,,1,0
18131620,Sfânta Rusie,Alain Besançon,"Besançon, Alain",,"=""9735039788""","=""9789735039783""",0,3.84,Humanitas,Paperback,168,2013,2012,,2022/02/28,to-read,to-read (#124),to-read,,,,0,0
15823426,"The Secret Race: Inside the Hidden World of the Tour de France: Doping, Cover-ups, and Winning at All Costs",Tyler Hamilton,"Hamilton, Tyler",Daniel Coyle,"=""0345530411""","=""9780345530417""",3,4.39,Bantam,Hardcover,290,2012,2012,2022/02/24,2017/07/03,,,read,,,,1,0
370609,Pulp Fiction,Quentin Tarantino,"Tarantino, Quentin",,"=""0571200680""","=""9780571200689""",5,4.22,Faber & Faber,Paperback,198,1999,1994,2022/01/30,2021/12/25,,,read,,,,1,0
35604796,What Is Real?: The Unfinished Quest for the Meaning of Quantum Physics,Adam  Becker,"Becker, Adam",,"=""0465096050""","=""9780465096053""",0,4.28,Basic Books,Hardcover,384,2018,2018,,2021/12/18,to-read,to-read (#123),to-read,,,,0,0
49552,The Stranger,Albert Camus,"Camus, Albert",Matthew  Ward,"=""""","=""""",4,4.03,Vintage International,Paperback,123,1989,1942,,2017/01/24,,,read,,,,2,0
5129,Brave New World,Aldous Huxley,"Huxley, Aldous",,"=""0060929871""","=""9780060929879""",4,3.98,HarperPerennial / Perennial Classics,Paperback,288,1998,1932,2021/12/10,2018/12/04,,,read,,,,1,0
54897735,Under the Blue,Oana Aristide,"Aristide, Oana",,"=""1788165837""","=""9781788165839""",0,4.02,Serpent's Tail,Hardcover,288,2021,,,2021/11/27,to-read,to-read (#122),to-read,,,,0,0
53398908,Fundamentals: Ten Keys to Reality,Frank Wilczek,"Wilczek, Frank",,"=""0735223793""","=""9780735223790""",0,3.90,Penguin Press,Hardcover,272,2021,2021,,2021/11/26,to-read,to-read (#121),to-read,,,,0,0
54750328,Doom: The Politics of Catastrophe,Niall Ferguson,"Ferguson, Niall",,"=""0241488443""","=""9780241488447""",0,3.63,Allen Lane,Hardcover,496,2021,2021,,2021/11/22,to-read,to-read (#120),to-read,,,,0,0
2714607,The Ascent of Money: A Financial History of the World,Niall Ferguson,"Ferguson, Niall",,"=""1594201927""","=""9781594201929""",0,3.90,Penguin Press,Hardcover,442,2008,2007,,2021/11/22,to-read,to-read (#119),to-read,,,,0,0
53925,The War of the End of the World,Mario Vargas Llosa,"Llosa, Mario Vargas",,"=""0571139612""","=""9780571139613""",0,4.25,Faber Faber Inc,Paperback,568,1986,1981,,2021/11/20,to-read,to-read (#118),to-read,,,,0,0
45892235,Active Measures: The Secret History of Disinformation and Political Warfare,Thomas Rid,"Rid, Thomas",,"=""0374287260""","=""9780374287269""",3,4.15,"Farrar, Straus and Giroux",Hardcover,528,2020,2020,2021/11/20,2020/07/08,,,read,,,,1,0
46190,"Love Is a Mix Tape: Life and Loss, One Song at a Time",Rob Sheffield,"Sheffield, Rob",,"=""1400083028""","=""9781400083022""",0,3.87,Crown Publishing Group (NY),Hardcover,224,2007,2007,,2021/11/04,to-read,to-read (#117),to-read,,,,0,0
9477628,Jerusalem: The Biography,Simon Sebag Montefiore,"Montefiore, Simon Sebag",,"=""0297852655""","=""9780297852650""",0,4.09,Weidenfeld & Nicolson,Hardcover,752,2011,2011,,2021/10/25,to-read,to-read (#116),to-read,,,,0,0
38219126,Corneliu Zelea Codreanu-Ascensiunea şi căderea „Căpitanului”,Oliver Jens Schmitt,"Schmitt, Oliver Jens",,"=""""","=""""",4,4.58,Editura Humanitas,Paperback,456,2017,2016,2021/10/25,2021/04/15,,,read,,,,1,0
25989447,By Chance Alone: A Remarkable True Story of Courage and Survival at Auschwitz,Max Eisen,"Eisen, Max",,"=""1443449288""","=""9781443449281""",0,4.55,HarperCollins Publishers,Hardcover,304,2016,2016,,2021/10/22,to-read,to-read (#115),to-read,,,,0,0
45220651,"Vecini în vremuri de restriște: stat, antisemitism și Holocaust în Basarabia și Transnistria",Diana Dumitru,"Dumitru, Diana",Miruna Andriescu,"=""9734676660""","=""9789734676668""",0,3.50,Polirom,Paperback,280,2019,2016,,2021/10/22,to-read,to-read (#114),to-read,,,,0,0
49245714,Holocaustul în România,Radu Ioanid,"Ioanid, Radu",,"=""9734678795""","=""9789734678792""",0,4.08,Polirom,Paperback,544,2019,1998,,2021/10/22,to-read,to-read (#113),to-read,,,,0,0
44492286,Children of Dune (Dune #3),Frank Herbert,"Herbert, Frank",,"=""0593098242""","=""9780593098240""",5,3.95,Ace,Paperback,609,2019,1976,2021/09/01,2020/09/21,,,read,,,,1,0
44492285,Dune Messiah (Dune #2),Frank Herbert,"Herbert, Frank",Brian Herbert,"=""0593098234""","=""9780593098233""",4,3.90,Ace,Mass Market Paperback,336,2019,1969,2020/12/10,2020/09/21,,,read,,,,1,0
44439416,Chapterhouse: Dune (Dune #6),Frank Herbert,"Herbert, Frank",,"=""0593098277""","=""9780593098271""",3,3.86,Ace,Paperback,609,2019,1985,2021/10/19,2021/09/28,,,read,,,,1,0
77818,By the Sea,Abdulrazak Gurnah,"Gurnah, Abdulrazak",,"=""0747557853""","=""9780747557852""",0,3.89,TRAFALGAR SQUARE +,Paperback,245,2002,2001,,2021/10/07,to-read,to-read (#112),to-read,,,,0,0
765618,Paradise,Abdulrazak Gurnah,"Gurnah, Abdulrazak",,"=""""","=""""",0,3.59,The New Press,Paperback,256,1995,1994,,2021/10/07,to-read,to-read (#111),to-read,,,,0,0
16286,The Magus,John Fowles,"Fowles, John",,"=""0316296198""","=""9780316296199""",2,4.05,"Little, Brown Paperbacks",Paperback,656,2001,1965,2021/09/28,2021/09/28,,,read,,,,1,0
52090,Eichmann in Jerusalem: A Report on the Banality of Evil,Hannah Arendt,"Arendt, Hannah",,"=""""","=""""",5,4.20,Penguin Classics,Paperback,312,2006,1963,2017/03/15,2017/01/04,,,read,,,,1,0
5094,"The Drawing of the Three (The Dark Tower, #2)",Stephen  King,"King, Stephen",,"=""0451210859""","=""9780451210852""",5,4.24,Signet,Paperback,463,2003,1987,2017/06/20,2017/01/24,,,read,,,,1,0
39999461,Never Enough: The Neuroscience and Experience of Addiction,Judith Grisel,"Grisel, Judith",,"=""0385542844""","=""9780385542845""",5,4.14,Doubleday,Hardcover,243,2019,2019,2021/06/30,2021/05/03,,,read,,,,1,0
11449,Cathedral,Raymond Carver,"Carver, Raymond",,"=""0679723692""","=""9780679723691""",4,4.24,Vintage Contemporaries,Paperback,230,1989,1983,2021/06/30,2021/06/27,,,read,,,,1,0
44492287,Heretics of Dune (Dune #5),Frank Herbert,"Herbert, Frank",,"=""0593098269""","=""9780593098264""",4,3.85,Ace,Paperback,669,2019,1984,2021/09/28,2021/09/17,,,read,,,,1,0
53328332,Less Is More: How Degrowth Will Save the World,Jason Hickel,"Hickel, Jason","Kofi Klu, Rupert Read","=""1786091216""","=""9781786091215""",0,4.50,Windmill Books,Paperback,336,2021,2020,,2021/09/27,to-read,to-read (#110),to-read,,,,0,0
28859,The Gospel According to Jesus Christ,José Saramago,"Saramago, José",Giovanni Pontiero,"=""186046095X""","=""9781860460951""",5,4.32,Harvill Pr,Paperback,341,1999,1991,2021/03/18,2020/12/29,,,read,,,,1,0
44439415,God Emperor of Dune (Dune #4),Frank Herbert,"Herbert, Frank",,"=""0593098250""","=""9780593098257""",4,3.88,Ace,Paperback,587,2019,1981,2021/09/17,2020/09/21,,,read,,,,1,0
21343,The Five Dysfunctions of a Team,Patrick Lencioni,"Lencioni, Patrick",,"=""0787960756""","=""9780787960759""",4,4.11,FisicalBook,Paperback,228,2011,2002,2021/09/01,2018/04/06,,,read,,,,1,0
10614,Misery,Stephen  King+,"King+, Stephen",,"=""0450417395""","=""9780450417399""",0,4.23,New English Library,Paperback,370,1992,1987,,2021/08/29,to-read,to-read (#109),to-read,,,,0,0
27833494,Dark Money: The Hidden History of the Billionaires Behind the Rise of the Radical Right,Jane Mayer,"Mayer, Jane",,"=""""","=""""",0,4.31,Doubleday,ebook,464,2016,2016,,2021/08/28,to-read,to-read (#108),to-read,,,,0,0
38155,"A People's Tragedy: The Russian Revolution, 1891 - 1924",Orlando Figes,"Figes, Orlando",,"=""014024364X""","=""9780140243642""",0,4.37,Penguin Books,Paperback,923,1998,1996,,2021/08/26,to-read,to-read (#107),to-read,,,,0,0
8250991,Crimea: The Last Crusade,Orlando Figes,"Figes, Orlando",,"=""0713997044""","=""9780713997040""",0,4.07,Allen Lane,Hardcover,608,2010,2010,,2021/08/26,to-read,to-read (#106),to-read,,,,0,0
18007564,The Martian,Andy Weir,"Weir, Andy",,"=""0804139024""","=""9780804139021""",4,4.42,Crown Publishers,Hardcover,369,2014,2011,2021/08/20,2020/04/18,audio,audio (#16),read,,,,1,0
54493401,Project Hail Mary,Andy Weir,"Weir, Andy",,"=""0593135202""","=""9780593135204""",4,4.51,Ballantine Books,Hardcover,476,2021,2021,2021/08/20,2021/05/24,owned,owned (#22),read,,,,1,0
38212120,The Rise and Fall of Adam and Eve: The Story That Created Us,Stephen Greenblatt,"Greenblatt, Stephen",,"=""0393356264""","=""9780393356267""",0,3.94,W. W. Norton & Company,Paperback,432,2018,2017,,2021/08/14,to-read,to-read (#105),to-read,,,,0,0
27823767,"Good Cop, Bad War",Neil Woods,"Woods, Neil",,"=""1785032690""","=""9781785032691""",0,4.34,Ebury Press,Paperback,320,2016,2016,,2021/08/08,to-read,to-read (#104),to-read,,,,0,0
11529868,The Orphan Master's Son,Adam  Johnson,"Johnson, Adam",,"=""0812992792""","=""9780812992793""",0,4.07,Random House,Hardcover,443,2012,2012,,2021/07/22,to-read,to-read (#103),to-read,,,,0,0
978689,They Thought They Were Free: The Germans 1933-45,Milton Sanford Mayer,"Mayer, Milton Sanford",,"=""0226511928""","=""9780226511924""",0,4.09,Phoenix Books/University of Chicago Press,Paperback,346,1966,1955,,2021/07/21,to-read,to-read (#102),to-read,,,,0,0
40651883,Snow Crash,Neal Stephenson,"Stephenson, Neal",,"=""""","=""""",0,4.01,Spectra,Kindle Edition,559,2018,1992,,2021/07/19,to-read,to-read (#101),to-read,,,,0,0
6088007,"Neuromancer (Sprawl, #1)",William Gibson,"Gibson, William",Jack Womack,"=""""","=""""",0,3.89,Ace,Kindle Edition,268,2018,1984,,2021/07/19,to-read,to-read (#100),to-read,,,,0,0
6763725,Capitalist Realism: Is There No Alternative?,Mark Fisher,"Fisher, Mark",,"=""1846943175""","=""9781846943171""",0,4.21,Zero Books,Paperback,81,2009,2009,,2021/07/17,to-read,to-read (#99),to-read,,,,0,0
32075449,The Ends of the World,Peter Brannen,"Brannen, Peter",,"=""0062364820""","=""9780062364821""",0,4.29,Ecco,ebook,336,2017,2017,,2021/07/04,to-read,to-read (#98),to-read,,,,0,0
7815,The Year of Magical Thinking,Joan Didion,"Didion, Joan",,"=""1400078431""","=""9781400078431""",0,3.93,Vintage,Paperback,227,2007,2005,,2021/06/13,to-read,to-read (#97),to-read,,,,0,0
40235667,România în 100 de ani,Oliver Jens Schmitt,"Schmitt, Oliver Jens",,"=""9735061481""","=""9789735061487""",0,3.99,Humanitas,Paperback,136,2018,2018,,2021/04/15,to-read,to-read (#96),to-read,,,,0,0
2260044,"The Romanians, 1774-1866",Keith Hitchins,"Hitchins, Keith",,"=""0198205910""","=""9780198205913""",0,4.31,Clarendon Press,Hardcover,350,1996,1996,,2021/03/31,to-read,to-read (#95),to-read,,,,0,0
41433623,A History of the Bible: The Book and Its Faiths,John Barton,"Barton, John",,"=""0241003911""","=""9780241003916""",0,4.12,Allen Lane,Hardcover,613,2019,2019,,2021/03/02,to-read,to-read (#94),to-read,,,,0,0
23006495,Dictatura lui Nicolae Ceaușescu (1965 - 1989): Geniul Carpaților,Adam Burakowski,"Burakowski, Adam",,"=""""","=""""",4,4.35,Polirom,Hardcover,432,2011,2008,2021/02/14,2018/08/20,,,read,,,,1,0
617702,In the Realm of Hungry Ghosts: Close Encounters with Addiction,Gabor Maté,"Maté, Gabor",,"=""0676977405""","=""9780676977400""",0,4.48,Knopf Canada,Hardcover,480,2008,2007,,2021/02/03,to-read,to-read (#93),to-read,,,,0,0
350,Stranger in a Strange Land,Robert A. Heinlein,"Heinlein, Robert A.",James Warhola,"=""""","=""""",2,3.92,Ace,Paperback,525,1991,1961,2021/01/26,2020/09/21,,,read,,,,1,0
6527702,Ciuleandra,Liviu Rebreanu,"Rebreanu, Liviu",,"=""9738726093""","=""9789738726093""",2,4.18,Cartex,Paperback,158,2006,1927,2021/01/05,2021/01/05,,,read,,,,1,0
18775999,Imaginea evreului în cultura română,Andrei Oișteanu,"Oișteanu, Andrei",,"=""9734625624""","=""9789734625628""",0,4.50,Polirom,Paperback,608,2012,2001,,2021/01/07,to-read,to-read (#92),to-read,,,,0,0
46116524,"Bafta, Devla şi Haramul: studii despre cultura şi religia romilor",Mirel Bănică,"Bănică, Mirel",,"=""9734655787""","=""9789734655786""",0,4.19,Polirom,Paperback,472,2019,2019,,2020/12/29,to-read,to-read (#91),to-read,,,,0,0
920403,A History of Celibacy,Elizabeth Abbott,"Abbott, Elizabeth",,"=""0306810417""","=""9780306810411""",0,3.68,Da Capo Press,Paperback,496,2001,2000,,2020/12/29,to-read,to-read (#90),to-read,,,,0,0
13096380,România și Europa. Acumularea decalajelor economice (1500 - 2010),Bogdan Murgescu,"Murgescu, Bogdan",,"=""973461665X""","=""9789734616657""",0,4.68,Polirom,Paperback,526,2010,2010,,2020/12/29,"to-read, owned","to-read (#89), owned (#31)",to-read,,,,0,0
39776179,Dune (Dune #1),Frank Herbert,"Herbert, Frank",,"=""0441013597""","=""9780441013593""",5,4.29,Ace,Paperback,704,2005,1965,2020/11/11,2020/04/18,,,read,,,,1,0
135479,Cat’s Cradle,Kurt Vonnegut Jr.,"Jr., Kurt Vonnegut",,"=""""","=""""",4,4.15,Penguin,Paperback,306,1999,1963,2020/10/18,2017/01/24,,,read,,,,1,0
357486,Voices from Chernobyl: The Oral History of a Nuclear Disaster,Svetlana Alexievich,"Alexievich, Svetlana","Keith Gessen, Alma Lapinskienė","=""0312425848""","=""9780312425845""",5,4.40,Picador,Paperback,236,2006,1997,2020/09/25,2019/06/13,,,read,,,,1,0
41804,"I, Robot (Robot, #0.1)",Isaac Asimov,"Asimov, Isaac",,"=""0553803700""","=""9780553803709""",5,4.21,Bantam Books,Hardcover,224,2004,1950,2020/09/25,2020/03/12,,,read,,,,1,0
16690,The Moon Is a Harsh Mistress,Robert A. Heinlein,"Heinlein, Robert A.",,"=""0340837942""","=""9780340837948""",0,4.15,Hodder & Stoughton,Paperback,288,2005,1966,,2020/09/21,to-read,to-read (#88),to-read,,,,0,0
11989,The Plague,Albert Camus,"Camus, Albert",Stuart Gilbert,"=""""","=""""",4,4.02,Vintage International,Paperback,308,1991,1947,,2017/01/24,to-read,to-read (#87),to-read,,,,1,0
758350,Death on Credit,Louis-Ferdinand Céline,"Céline, Louis-Ferdinand",Ralph Manheim,"=""0714541796""","=""9780714541792""",4,4.20,Calder Publications,Paperback,592,2001,1936,,2017/01/04,to-read,to-read (#86),to-read,,,,1,0
11438,What We Talk About When We Talk About Love,Raymond Carver,"Carver, Raymond",,"=""0679723056""","=""9780679723059""",4,4.00,Vintage Contemporaries,Paperback,159,1989,1981,2020/08/10,2020/07/22,,,read,,,,1,0
25312212,What We Talk About When We Talk About Love / Beginners (A Vintage Short),Raymond Carver,"Carver, Raymond",,"=""1101970472""","=""9781101970478""",4,3.85,Vintage,Kindle Edition,47,2015,2015,2020/07/22,2020/07/21,,,read,,,,1,0
117833,The Master and Margarita,Mikhail Bulgakov,"Bulgakov, Mikhail","Diana Lewis Burgin, Katherine Tiernan O'Connor, Ellendea Proffer, Hans Fronius, Михаил Булгаков","=""0679760806""","=""9780679760801""",5,4.28,Vintage International,Paperback,372,1996,1967,2020/07/16,2017/01/24,owned,owned (#23),read,,,,2,0
70561,The Gulag Archipelago 1918–1956 (Abridged),Aleksandr Solzhenitsyn,"Solzhenitsyn, Aleksandr",Edward E. Ericson Jr.,"=""0060007761""","=""9780060007768""",4,4.33,HarperCollins,Paperback,512,2002,1973,2020/05/20,2017/01/24,,,read,,,,1,0
115133,"A Stranger to Myself: The Inhumanity of War: Russia, 1941-1944",Willy Peter Reese,"Reese, Willy Peter","Max Hastings, Michael Hofmann, Stefan Schmitz","=""0374139784""","=""9780374139780""",0,3.81,"Farrar, Straus and Giroux",Hardcover,208,2005,2004,,2020/05/05,to-read,to-read (#85),to-read,,,,0,0
13167112,Savage Continent: Europe in the Aftermath of World War II,Keith Lowe,"Lowe, Keith",,"=""1250000203""","=""9781250000200""",0,4.22,St. Martin's Press,Hardcover,480,2012,2012,,2020/04/29,to-read,to-read (#84),to-read,,,,0,0
721038,The Whisperers: Private Life in Stalin's Russia,Orlando Figes,"Figes, Orlando",,"=""0805074619""","=""9780805074611""",0,4.26,Metropolitan Books,Hardcover,739,2007,2007,,2020/04/24,to-read,to-read (#83),to-read,,,,0,0
36482672,Seven Types of Atheism,John   Gray,"Gray, John",,"=""0241199417""","=""9780241199411""",0,3.84,Allen Lane,Hardcover,182,2018,2018,,2020/04/18,to-read,to-read (#82),to-read,,,,0,0
8908,World War Z: An Oral History of the Zombie War,Max Brooks,"Brooks, Max",,"=""0307346609""","=""9780307346605""",4,4.02,Crown,Hardcover,342,2006,2006,2020/04/15,2017/01/24,audio,audio (#23),read,,,,1,0
4808763,The Last Question,Isaac Asimov,"Asimov, Isaac","Bob E. Flick, Jim Gallant","=""1884214495""","=""9781884214493""",5,4.53,Ziggurat Productions,Audio CD,9,2007,1956,2020/04/07,2020/04/07,,,read,,,,1,0
76778,The Martian Chronicles,Ray Bradbury,"Bradbury, Ray",Michael Whelan,"=""0553278223""","=""9780553278224""",0,4.16,Bantam/Spectra,Mass Market Paperback,182,1984,1950,,2020/03/12,to-read,to-read (#81),to-read,,,,0,0
847457,Time Out of Mind,Pierre Boulle,"Boulle, Pierre",,"=""0451058712""","=""9780451058713""",0,3.64,Roc,Mass Market Paperback,0,1974,1953,,2020/03/12,to-read,to-read (#80),to-read,,,,0,0
13235689,How Music Works,David   Byrne,"Byrne, David",,"=""1936365537""","=""9781936365531""",3,4.00,McSweeney's,Hardcover,345,2012,2014,2020/02/10,2019/12/04,,,read,,,,1,0
6174,Survival in Auschwitz,Primo Levi,"Levi, Primo",Philip Roth,"=""0684826801""","=""9780684826806""",0,4.35,Simon & Schuster,Paperback,187,1996,1947,,2020/01/13,to-read,to-read (#79),to-read,,,,0,0
1617,Night,Elie Wiesel,"Wiesel, Elie","Marion Wiesel, François Mauriac","=""0374500010""","=""9780374500016""",5,4.38,Hill & Wang,Paperback,120,2006,1956,2020/01/09,2017/01/24,,,read,,,,1,0
35384,"The Unquiet Ghost: Russians Remember Stalin – An Investigation of the Gulag, Survivors' Voices, and Glasnost-Era Terror",Adam Hochschild,"Hochschild, Adam",,"=""0618257470""","=""9780618257478""",0,4.16,Mariner Books,Paperback,352,2003,1994,,2020/01/08,to-read,to-read (#78),to-read,,,,0,0
40961621,"King Leopold's Ghost: A Story of Greed, Terror, and Heroism in Colonial Africa",Adam Hochschild,"Hochschild, Adam",,"=""""","=""""",5,4.19,Mariner Books,ebook,442,1999,1998,2020/01/08,2019/12/03,,,read,,,,1,0
3559,From Beirut to Jerusalem,Thomas L. Friedman,"Friedman, Thomas L.",,"=""0385413726""","=""9780385413725""",0,4.15,Anchor,Paperback,541,1995,1989,,2020/01/04,to-read,to-read (#77),to-read,,,,0,0
18626822,Guns (Kindle Single),Stephen  King,"King, Stephen",,"=""""","=""""",0,4.18,Philtrum Press,Kindle Edition,31,2013,2013,,2020/01/01,to-read,to-read (#76),to-read,,,,0,0
13497,"A Feast for Crows (A Song of Ice and Fire, #4)",George R.R. Martin,"Martin, George R.R.",,"=""""","=""""",3,4.17,Bantam Books,Mass Market Paperback,1060,2011,2005,2019/10/09,2017/01/24,"owned, audio","owned (#24), audio (#19)",read,,,,1,0
30200112,Secondhand Time: The Last of the Soviets,Svetlana Alexievich,"Alexievich, Svetlana",Bela Shayevich,"=""1922253995""","=""9781922253996""",0,4.46,Text Publishing,Kindle Edition,496,2016,2013,,2019/09/21,to-read,to-read (#75),to-read,,,,0,0
62291,"A Storm of Swords (A Song of Ice and Fire, #3)",George R.R. Martin,"Martin, George R.R.",,"=""""","=""""",4,4.55,Bantam,Mass Market Paperback,1177,2003,2000,2019/09/04,2017/01/24,"owned, audio","owned (#25), audio (#20)",read,,,,1,0
7296214,"Închisoarea noastră cea de toate zilele, Vol. I 1949, 1952-1954",Ion Ioanid,"Ioanid, Ion",,"=""9732809558""","=""9789732809556""",0,4.76,Humanitas,Paperback,576,1999,1991,,2019/08/10,to-read,to-read (#74),to-read,,,,0,0
17910046,"Revolutionary Russia, 1891 - 1991: A History",Orlando Figes,"Figes, Orlando",,"=""0805091319""","=""9780805091311""",0,4.03,Metropolitan Books,Hardcover,336,2014,2014,,2019/08/10,to-read,to-read (#73),to-read,,,,0,0
226369,Stasiland: Stories from Behind the Berlin Wall,Anna Funder,"Funder, Anna",,"=""1862076553""","=""9781862076556""",0,4.20,Granta ,Paperback,328,2004,2003,,2019/08/10,to-read,to-read (#72),to-read,,,,0,0
4600727,Întoarcere în Bucureștiul interbelic,Ioana Pârvulescu,"Pârvulescu, Ioana",,"=""9735016591""","=""9789735016593""",0,4.25,Humanitas,Paperback,348,2003,2003,,2019/08/10,to-read,to-read (#71),to-read,,,,0,0
19289708,Fals tratat de manipulare,Ana Blandiana,"Blandiana, Ana",,"=""9735042460""","=""9789735042462""",0,4.52,Editura Humanitas,Paperback,484,2013,2013,,2019/08/10,"to-read, owned","to-read (#70), owned (#32)",to-read,,,,0,0
10572,"A Clash of Kings  (A Song of Ice and Fire, #2)",George R.R. Martin,"Martin, George R.R.",,"=""""","=""""",3,4.42,Random House Worlds,Paperback,1009,2002,1998,2019/07/29,2017/01/24,"owned, audio","owned (#26), audio (#21)",read,,,,1,0
12158480,"Why Nations Fail: The Origins of Power, Prosperity, and Poverty",Daron Acemoğlu,"Acemoğlu, Daron",James A. Robinson,"=""0307719219""","=""9780307719218""",3,4.09,Crown Currency,Hardcover,529,2012,2012,2019/07/29,2017/01/04,,,read,,,,1,0
40538681,Midnight in Chernobyl: The Untold Story of the World's Greatest Nuclear Disaster,Adam Higginbotham,"Higginbotham, Adam",,"=""1501134612""","=""9781501134616""",0,4.36,Simon & Schuster,Hardcover,538,2019,2019,,2019/06/13,to-read,to-read (#69),to-read,,,,0,0
168668,Catch-22,Joseph Heller,"Heller, Joseph",,"=""0684833395""","=""9780684833392""",5,3.99,Simon & Schuster ,Paperback,453,2004,1961,2019/02/06,2016/12/21,owned,owned (#28),read,,,,1,0
2313659,"Hitler, the Germans, and the Final Solution",Ian Kershaw,"Kershaw, Ian",,"=""0300124279""","=""9780300124279""",0,4.11,Yale University Press,Hardcover,400,2008,,,2019/01/25,to-read,to-read (#68),to-read,,,,0,0
11870085,The Fault in Our Stars,John Green,"Green, John",,"=""""","=""""",0,4.12,Dutton Books,Hardcover,313,2012,2012,,2018/12/04,to-read,to-read (#67),to-read,,,,0,0
18143977,All the Light We Cannot See,Anthony Doerr,"Doerr, Anthony",,"=""1476746583""","=""9781476746586""",0,4.31,Scribner,Hardcover,531,2014,2014,,2018/12/04,to-read,to-read (#66),to-read,,,,0,0
265734,Inside Out: A Personal History of Pink Floyd,Nick Mason,"Mason, Nick",,"=""0811848248""","=""9780811848244""",3,4.13,Chronicle Books,Paperback,360,2005,2004,2018/12/04,2017/01/04,,,read,,,,1,0
6784739,O scurtă istorie a românilor povestită celor tineri,Neagu Djuvara,"Djuvara, Neagu",,"=""9735025914""","=""9789735025915""",0,4.48,Humanitas,Paperback,240,2008,1999,,2018/12/03,to-read,to-read (#65),to-read,,,,0,0
39020,1491: New Revelations of the Americas Before Columbus,Charles C. Mann,"Mann, Charles C.",,"=""1400032059""","=""9781400032051""",0,4.05,Vintage,Paperback,563,2011,2005,,2018/12/03,to-read,to-read (#64),to-read,,,,0,0
29939161,Radical Candor: Be a Kickass Boss Without Losing Your Humanity,Kim Malone Scott,"Scott, Kim Malone",,"=""1250103509""","=""9781250103505""",0,4.05,St. Martin's Press,Hardcover,336,2017,2017,,2018/11/20,to-read,to-read (#63),to-read,,,,0,0
43369,God Is Not Great: How Religion Poisons Everything,Christopher Hitchens,"Hitchens, Christopher",,"=""0446579807""","=""9780446579803""",3,3.96,Twelve Books,Hardcover,307,2007,2007,2018/11/16,2017/01/04,,,read,,,,1,0
629429,The World of Yesterday,Stefan Zweig,"Zweig, Stefan",Harry Zohn,"=""0803252242""","=""9780803252240""",0,4.51,University of Nebraska Press,Paperback,455,1964,1942,,2018/11/16,to-read,to-read (#62),to-read,,,,0,0
23692271,Sapiens: A Brief History of Humankind,Yuval Noah Harari,"Harari, Yuval Noah",,"=""""","=""""",4,4.33,Vintage,Paperback,512,2015,2011,2018/10/18,2017/10/09,,,read,,,,1,0
254316,Cancer Ward,Aleksandr Solzhenitsyn,"Solzhenitsyn, Aleksandr","Nicholas Bethell, David Burg","=""""","=""""",4,4.26,Vintage Classics,Paperback,576,2003,1967,2018/09/09,2017/01/24,,,read,,,,1,0
25389937,1989: Toamna națiunilor,Adam Burakowski,"Burakowski, Adam","Aleksander Gubrynowicz, Paweł Ukielski, Vasile Moga, Stejarel Olaru","=""9734634461""","=""9789734634460""",0,4.31,Polirom,Paperback,448,2013,2009,,2018/08/20,to-read,to-read (#61),to-read,,,,0,0
366889,The Day Lasts More than a Hundred Years,Chingiz Aitmatov,"Aitmatov, Chingiz",John French,"=""0253204828""","=""9780253204820""",0,4.33,Indiana University Press,Paperback,368,1988,1980,,2018/08/03,to-read,to-read (#60),to-read,,,,0,0
28257707,The Subtle Art of Not Giving a F*ck: A Counterintuitive Approach to Living a Good Life,Mark Manson,"Manson, Mark",,"=""""","=""9798804636129""",1,3.86,Harper,Paperback,212,2016,2016,2018/08/01,2018/07/17,,,read,,,,1,0
3323374,Inspired: How To Create Products Customers Love,Marty Cagan,"Cagan, Marty",,"=""0981690408""","=""9780981690407""",3,4.23,SVPG Press,Hardcover,242,2008,2008,2018/07/24,2018/07/17,owned,owned (#29),read,,,,1,0
31394393,"Reach: A New Strategy to Help You Step Outside Your Comfort Zone, Rise to the Challenge and Build Confidence",Andy Molinsky,"Molinsky, Andy",,"=""0399574026""","=""9780399574023""",0,3.54,Avery,Hardcover,288,2017,,,2018/07/17,to-read,to-read (#59),to-read,,,,0,0
27213329,Grit: The Power of Passion and Perseverance,Angela Duckworth,"Duckworth, Angela",,"=""1443442313""","=""9781443442312""",0,4.08,Collins,Hardcover,277,2016,2016,,2018/07/17,to-read,to-read (#58),to-read,,,,0,0
4865,How to Win Friends & Influence People,Dale Carnegie,"Carnegie, Dale",,"=""""","=""""",3,4.22,Gallery Books,Paperback,288,1998,1936,2018/06/07,2018/05/09,,,read,,,,1,0
136181,The Halo Effect: ... and the Eight Other Business Delusions That Deceive Managers,Philip M. Rosenzweig,"Rosenzweig, Philip M.",,"=""0743291255""","=""9780743291255""",3,3.89,Free Press,Hardcover,256,2007,2007,2018/04/24,2018/01/12,,,read,,,,2,0
355697,All Quiet on the Western Front,Erich Maria Remarque,"Remarque, Erich Maria",Arthur Wesley Wheen,"=""0449213943""","=""9780449213940""",5,4.11,Ballantine Books,Mass Market Paperback,296,1987,1928,2018/04/12,2017/01/24,,,read,,,,1,0
2767,A People’s History of the United States: 1492 - Present,Howard Zinn,"Zinn, Howard",,"=""0060838655""","=""9780060838652""",0,4.09,Harper Perennial,Paperback,729,1995,1980,,2018/04/08,to-read,to-read (#57),to-read,,,,0,0
10644930,11/22/63,Stephen  King,"King, Stephen",,"=""1451627289""","=""9781451627282""",2,4.35,Scribner,Hardcover,849,2011,2011,2018/03/31,2017/01/24,audio,audio (#22),read,,,,1,0
28789711,SPQR: A History of Ancient Rome,Mary Beard,"Beard, Mary",,"=""1631492225""","=""9781631492228""",0,4.06,Liveright,Paperback,606,2016,2015,,2018/03/26,to-read,to-read (#56),to-read,,,,0,0
95558,Solaris,Stanisław Lem,"Lem, Stanisław","Steve Cox, Joanna Kilmartin","=""""","=""""",0,3.98,Harcourt,Paperback,204,2002,1961,,2018/02/28,to-read,to-read (#55),to-read,,,,0,0
5091,"The Dark Tower (The Dark Tower, #7)",Stephen  King,"King, Stephen",Michael   Whelan,"=""""","=""""",3,4.29,Pocket Books,Mass Market Paperback,1050,2006,2004,2018/02/15,2017/01/24,,,read,,,,1,0
5093,"Song of Susannah (The Dark Tower, #6)",Stephen  King,"King, Stephen",Darrel Anderson,"=""1416521496""","=""9781416521495""",3,4.00,Pocket Books,Mass Market Paperback,544,2006,2004,2018/01/17,2017/01/24,,,read,,,,1,0
4339,Dispatches,Michael Herr,"Herr, Michael",,"=""0679735259""","=""9780679735250""",0,4.22,Vintage,Paperback,260,1991,1977,,2017/12/31,to-read,to-read (#54),to-read,,,,0,0
29059,Choke,Chuck Palahniuk,"Palahniuk, Chuck",,"=""0385720920""","=""9780385720922""",0,3.71,Anchor Books,Paperback,293,2002,2001,,2017/12/31,to-read,to-read (#53),to-read,,,,0,0
4978,"Wolves of the Calla (The Dark Tower, #5)",Stephen  King,"King, Stephen",Bernie Wrightson,"=""141651693X""","=""9781416516934""",3,4.20,Pocket Books,Mass Market Paperback,960,2006,2003,2017/12/25,2017/01/24,,,read,,,,1,0
52142,The Great War for Civilisation: The Conquest of the Middle East (Vintage),Robert Fisk,"Fisk, Robert",,"=""1400075173""","=""9781400075171""",0,4.41,"Vintage Books/Alfred A. Knopf/Random House, Inc.",Paperback,1111,2007,2005,,2017/11/20,to-read,to-read (#52),to-read,,,,0,0
5632446,Columbine,Dave Cullen,"Cullen, Dave",,"=""0446546933""","=""9780446546935""",0,4.29,Twelve,Hardcover,417,2009,2009,,2017/11/08,to-read,to-read (#51),to-read,,,,0,0
5096,"Wizard and Glass (The Dark Tower, #4)",Stephen  King,"King, Stephen",Dave McKean,"=""0340829788""","=""9780340829783""",4,4.27,New English Library,Paperback,896,2003,1997,2017/11/06,2017/01/24,,,read,,,,1,0
16043804,"The Crown Tower (The Riyria Chronicles, #1)",Michael J. Sullivan,"Sullivan, Michael J.",,"=""031624371X""","=""9780316243711""",0,4.33,Orbit ,Paperback,384,2013,2013,,2017/10/14,to-read,to-read (#50),to-read,,,,0,0
34713325,The Future Is History: How Totalitarianism Reclaimed Russia,Masha Gessen,"Gessen, Masha",,"=""159463453X""","=""9781594634536""",0,4.19,Riverhead Books,Hardcover,515,2017,2017,,2017/10/09,to-read,to-read (#49),to-read,,,,0,0
34084,"The Waste Lands (The Dark Tower, #3)",Stephen  King,"King, Stephen",Ned Dameron,"=""0670032565""","=""9780670032563""",4,4.25,Viking Adult,Hardcover,422,2003,1991,2017/08/02,2017/01/24,,,read,,,,1,0
25664510,The Heart,Maylis de Kerangal,"Kerangal, Maylis de",Sam Taylor,"=""0374240906""","=""9780374240905""",0,3.84,"Farrar, Straus and Giroux",Hardcover,242,2016,2014,,2017/05/23,to-read,to-read (#48),to-read,,,,0,0
43615,"The Gunslinger (The Dark Tower, #1) separate",Stephen  King,"King, Stephen",,"=""""","=""""",4,3.91,Plume,Paperback,231,2003,1982,2017/05/17,2017/01/24,,,read,,,,1,0
31170723,Behave: The Biology of Humans at Our Best and Worst,Robert M. Sapolsky,"Sapolsky, Robert M.",,"=""1594205078""","=""9781594205071""",0,4.38,Penguin Press,Hardcover,790,2017,2017,,2017/05/07,to-read,to-read (#47),to-read,,,,0,0
6480781,Open,Andre Agassi,"Agassi, Andre",J.R. Moehringer,"=""0307268195""","=""9780307268198""",5,4.32,Knopf,Hardcover,388,2009,2009,2017/05/07,2017/04/27,owned,owned (#30),read,,,,1,0
34460190,Exitus,Adrian Georgescu,"Georgescu, Adrian",,"=""9734666258""","=""9789734666256""",3,3.77,Polirom,Paperback,288,2017,2017,2017/04/26,2017/04/06,,,read,,,,1,0
6288,The Road,Cormac McCarthy,"McCarthy, Cormac",,"=""0307265439""","=""9780307265432""",3,4.00,Alfred A. Knopf,Hardcover,241,2006,2006,2017/04/12,2016/12/21,,,read,,,,1,0
18373,Flowers for Algernon,Daniel Keyes,"Keyes, Daniel",,"=""015603008X""","=""9780156030083""",5,4.24,Harvest Books,Paperback,311,2004,1966,2017/04/04,2017/01/24,,,read,,,,1,0
340587,Have a Nice Day!: A Tale of Blood and Sweatsocks,Mick Foley,"Foley, Mick","Mankind, WWF","=""0061031011""","=""9780061031014""",0,4.30,HarperEntertainment,Mass Market Paperback,768,2000,1999,,2017/03/22,to-read,to-read (#46),to-read,,,,0,0
7981020,Carlo Ancelotti: The Beautiful Games of an Ordinary Genius,Carlo Ancelotti,"Ancelotti, Carlo","Alessandro Alciato, Paolo Maldini","=""0847835383""","=""9780847835386""",0,3.97,Rizzoli,Hardcover,272,2010,2009,,2017/03/22,to-read,to-read (#45),to-read,,,,0,0
4381,Fahrenheit 451,Ray Bradbury,"Bradbury, Ray",,"=""0307347974""","=""9780307347978""",4,3.97,DeBolsillo,Mass Market Paperback,158,2004,1953,2017/03/20,2017/01/24,,,read,,,,1,0
18282006,Fear and Loathing in La Liga,Sid Lowe,"Lowe, Sid",,"=""1568584504""","=""9781568584508""",0,4.30,Bold Type Books,Paperback,480,2014,2012,,2017/03/10,to-read,to-read (#44),to-read,,,,0,0
6801335,Alone in Berlin,Hans Fallada,"Fallada, Hans","Michael Hofmann, Geoff Wilkes","=""014118938X""","=""9780141189383""",4,4.27,Penguin Classics,Paperback,590,2009,1947,2017/03/02,2017/01/04,,,read,,,,1,0
70535,"2001: A Space Odyssey (Space Odyssey, #1)",Arthur C. Clarke,"Clarke, Arthur C.",,"=""""","=""""",4,4.18,Roc,Paperback,297,2000,1968,2017/02/15,2017/01/04,,,read,,,,1,0
375013,Schindler’s List,Thomas Keneally,"Keneally, Thomas",,"=""0340606517""","=""9780340606513""",0,4.34,Sceptre,Mass Market Paperback,429,1994,1982,,2017/01/24,to-read,to-read (#41),to-read,,,,0,0
472331,Watchmen,Alan             Moore,"Moore, Alan","Dave Gibbons, John    Higgins","=""0930289234""","=""9780930289232""",3,4.39,DC Comics,Paperback,416,2005,1987,,2017/01/24,,,read,,,,1,0
5759,Fight Club,Chuck Palahniuk,"Palahniuk, Chuck",,"=""0393327345""","=""9780393327342""",0,4.18,W.W. Norton & Company (NYC),Paperback,218,2005,1996,,2017/01/24,to-read,to-read (#40),to-read,,,,0,0
5470,1984,George Orwell,"Orwell, George",,"=""""","=""""",4,4.20,New American Library,Mass Market Paperback,328,1950,1948,,2017/01/24,,,read,,,,1,0
30165203,"American Gods: Tenth Anniversary (American Gods, #1)",Neil Gaiman,"Gaiman, Neil",,"=""""","=""""",2,4.10,William Morrow,Kindle Edition,635,2011,2001,,2017/01/24,,,read,,,,1,0
7624,Lord of the Flies,William Golding,"Golding, William",,"=""0140283331""","=""9780140283334""",0,3.70,Penguin Books ,Paperback,182,1999,1954,,2017/01/24,to-read,to-read (#39),to-read,,,,0,0
19063,The Book Thief,Markus Zusak,"Zusak, Markus",,"=""""","=""""",0,4.39,Alfred A. Knopf,Kindle Edition,592,2006,2005,,2017/01/24,to-read,to-read (#38),to-read,,,,0,0
168642,In Cold Blood,Truman Capote,"Capote, Truman",,"=""0679745580""","=""9780679745587""",0,4.09,Vintage,Paperback,343,1994,1966,,2017/01/24,to-read,to-read (#37),to-read,,,,0,0
18505815,One Night in Winter (Moscow Trilogy #3),Simon Sebag Montefiore,"Montefiore, Simon Sebag",,"=""0062291882""","=""9780062291882""",0,3.98,Harper,Hardcover,467,2014,2013,,2017/01/24,to-read,to-read (#36),to-read,,,,0,0
64216,"Guards! Guards! (Discworld, #8; City Watch, #1)",Terry Pratchett,"Pratchett, Terry",,"=""0061020648""","=""9780061020643""",0,4.34,HarperTorch,Mass Market Paperback,376,2001,1989,,2017/01/24,to-read,to-read (#35),to-read,,,,0,0
12067,"Good Omens: The Nice and Accurate Prophecies of Agnes Nutter, Witch",Terry Pratchett,"Pratchett, Terry",Neil Gaiman,"=""""","=""""",0,4.25,William Morrow Paperbacks,Mass Market Paperback,491,2006,1990,,2017/01/24,to-read,to-read (#34),to-read,,,,0,0
414999,Childhood’s End,Arthur C. Clarke,"Clarke, Arthur C.",,"=""""","=""""",4,4.12,Del Rey Books,Mass Market Paperback,224,1987,1953,2017/01/22,2017/01/04,,,read,,,,1,0
9593,Galápagos,Kurt Vonnegut Jr.,"Jr., Kurt Vonnegut",,"=""0385333870""","=""9780385333870""",0,3.87,Dial Press Trade Paperback,Paperback,324,1999,1985,,2017/01/24,to-read,to-read (#33),to-read,,,,0,0
9592,Mother Night,Kurt Vonnegut Jr.,"Jr., Kurt Vonnegut",,"=""0385334141""","=""9780385334143""",0,4.24,Dial Press,Paperback,282,1999,1961,,2017/01/24,to-read,to-read (#32),to-read,,,,0,0
4982,The Sirens of Titan,Kurt Vonnegut Jr.,"Jr., Kurt Vonnegut",Chris     Moore,"=""""","=""""",0,4.15,Gollancz,Paperback,224,1999,1959,,2017/01/24,to-read,to-read (#31),to-read,,,,0,0
12341557,"The Wind Through the Keyhole (The Dark Tower, #4.5)",Stephen  King,"King, Stephen",Jae Lee,"=""""","=""""",0,4.13,Scribner,Kindle Edition,322,2012,2012,,2017/01/24,to-read,to-read (#30),to-read,,,,0,0
51606,Johnny Got His Gun,Dalton Trumbo,"Trumbo, Dalton",Ron Kovic,"=""0806512814""","=""9780806512815""",0,4.21,Citadel,Paperback,309,1998,1939,,2017/01/24,to-read,to-read (#29),to-read,,,,0,0
4406,East of Eden,John Steinbeck,"Steinbeck, John",,"=""0142000655""","=""9780142000656""",0,4.44,Penguin Books,Paperback,601,2002,1952,,2017/01/24,to-read,to-read (#4),to-read,,,,0,0
28251002,The Nix,Nathan  Hill,"Hill, Nathan",,"=""110194661X""","=""9781101946619""",0,4.08,Knopf,Hardcover,625,2016,2016,,2017/01/24,to-read,to-read (#2),to-read,,,,0,0
27071490,Homegoing,Yaa Gyasi,"Gyasi, Yaa",,"=""""","=""""",0,4.47,Alfred A. Knopf,Hardcover,305,2016,2016,,2017/01/24,to-read,to-read (#28),to-read,,,,0,0
106372,Becoming Evil: How Ordinary People Commit Genocide and Mass Killing,James Waller,"Waller, James",,"=""0195189493""","=""9780195189490""",0,4.21,Oxford University Press,Paperback,336,2005,2002,,2017/01/24,to-read,to-read (#27),to-read,,,,0,0
12497,No Country for Old Men,Cormac McCarthy,"McCarthy, Cormac",,"=""""","=""""",0,4.17,Knopf Doubleday Publishing Group,Paperback,309,2006,2005,,2017/01/24,to-read,to-read (#26),to-read,,,,0,0
394535,"Blood Meridian, or, the Evening Redness in the West",Cormac McCarthy,"McCarthy, Cormac",,"=""""","=""""",0,4.15,Vintage Books,Paperback,351,2010,1985,,2017/01/24,to-read,to-read (#1),to-read,,,,0,0
63432,3001: The Final Odyssey,Arthur C. Clarke,"Clarke, Arthur C.",,"=""0345438205""","=""9780345438201""",0,3.60,Del Rey,Mass Market Paperback,272,1999,1999,,2017/01/24,to-read,to-read (#25),to-read,,,,0,0
35816,"2061: Odyssey Three  (Space Odyssey, #3)",Arthur C. Clarke,"Clarke, Arthur C.",,"=""0586203192""","=""9780586203194""",0,3.62,Voyager,Paperback,302,1997,1987,,2017/01/24,to-read,to-read (#24),to-read,,,,0,0
70539,2010: Odyssey Two (Space Odyssey #2),Arthur C. Clarke,"Clarke, Arthur C.",,"=""0345413970""","=""9780345413970""",0,3.95,Random House Worlds,Paperback,320,1997,1982,,2017/01/24,to-read,to-read (#23),to-read,,,,0,0
4980,Breakfast of Champions,Kurt Vonnegut Jr.,"Jr., Kurt Vonnegut",,"=""0385334206""","=""9780385334204""",0,4.06,Dell Publishing,Paperback,303,1999,1973,,2017/01/24,to-read,to-read (#22),to-read,,,,0,0
12376830,In the Shadow of the Sword: The Birth of Islam and the Rise of the Global Arab Empire,Tom Holland,"Holland, Tom",,"=""0385531354""","=""9780385531351""",0,3.90,Doubleday,Hardcover,526,2012,2012,,2017/01/24,to-read,to-read (#21),to-read,,,,0,0
204180,Bobby Fischer Goes to War: How the Soviets Lost the Most Extraordinary Chess Match of All Time,David Edmonds,"Edmonds, David",John Eidinow,"=""0060510242""","=""9780060510244""",0,3.90,Ecco,Hardcover,368,2004,2003,,2017/01/24,to-read,to-read (#20),to-read,,,,0,0
767171,The Rise and Fall of the Third Reich: A History of Nazi Germany,William L. Shirer,"Shirer, William L.",,"=""0671728687""","=""9780671728687""",0,4.23,Simon & Schuster,Mass Market Paperback,1147,1990,1960,,2017/01/24,to-read,to-read (#19),to-read,,,,0,0
5544,"Surely You're Joking, Mr. Feynman!: Adventures of a Curious Character",Richard P. Feynman,"Feynman, Richard P.","Albert R. Hibbs, Ralph Leighton, Edward Hutchings","=""0393316041""","=""9780393316049""",0,4.26,W. W. Norton & Company,Paperback,397,1997,1985,,2017/01/24,to-read,to-read (#18),to-read,,,,0,0
216363,The Man in the High Castle,Philip K. Dick,"Dick, Philip K.",,"=""0679740678""","=""9780679740674""",3,3.59,Vintage,Paperback,259,1992,1962,2017/01/11,2016/12/21,,,read,,,,1,0
1202,Freakonomics: A Rogue Economist Explores the Hidden Side of Everything,Steven D. Levitt,"Levitt, Steven D.",Stephen J. Dubner,"=""0061234001""","=""9780061234002""",0,4.01,William Morrow,Hardcover,268,2006,2005,,2017/01/04,to-read,to-read (#17),to-read,,,,0,0
16090928,Lives of the Improbable Saints,Richard  Coles,"Coles, Richard",Ted  Harrison,"=""0232529558""","=""9780232529555""",0,3.55,"Darton, Longman and Todd",Paperback,192,2012,2012,,2017/01/04,to-read,to-read (#16),to-read,,,,0,0
645517,Why Not Kill Them All?: The Logic and Prevention of Mass Political Murder,Daniel Chirot,"Chirot, Daniel",Clark McCauley,"=""0691092966""","=""9780691092966""",0,3.59,Princeton University Press,Hardcover,288,2006,2006,,2017/01/04,to-read,to-read (#15),to-read,,,,0,0
1322330,In the Days of Victorio; Recollections of a Warm Springs Apache,James Kaywaykla,"Kaywaykla, James",Eve Ball,"=""0816504016""","=""9780816504015""",0,4.41,University of Arizona Press,Paperback,222,1972,1970,,2017/01/04,to-read,to-read (#14),to-read,,,,0,0
78127,On Killing: The Psychological Cost of Learning to Kill in War and Society,Dave Grossman,"Grossman, Dave",,"=""0316191442""","=""9780316191449""",0,4.11,Back Bay Books,Paperback,367,2003,1995,,2017/01/04,to-read,to-read (#13),to-read,,,,0,0
853201,Inside the Third Reich,Albert Speer,"Speer, Albert",,"=""0684829495""","=""9780684829494""",0,4.10,Simon & Schuster,Paperback,672,1997,1969,,2017/01/04,to-read,to-read (#12),to-read,,,,0,0
100834,"A World Undone: The Story of the Great War, 1914 to 1918",G.J. Meyer,"Meyer, G.J.",,"=""0553803549""","=""9780553803549""",0,4.37,Delacorte Press,Hardcover,704,2006,2006,,2017/01/04,to-read,to-read (#11),to-read,,,,0,0
55200,The Second World War,John Keegan,"Keegan, John",,"=""014011341X""","=""9780140113419""",0,4.11,Penguin Books,Paperback,608,1990,1990,,2017/01/04,to-read,to-read (#10),to-read,,,,0,0
3621358,Inverting the Pyramid: The History of Football Tactics,Jonathan  Wilson,"Wilson, Jonathan",,"=""0752889958""","=""9780752889955""",0,4.14,Orion,Hardcover,374,2008,2008,,2017/01/04,to-read,to-read (#9),to-read,,,,0,0
25526965,"End of Watch (Bill Hodges Trilogy, #3)",Stephen  King,"King, Stephen",,"=""1501129740""","=""9781501129742""",0,4.11,Scribner,Hardcover,432,2016,2016,,2017/01/04,to-read,to-read (#8),to-read,,,,0,0
8163722,Earth (The Book): A Visitor's Guide to the Human Race,Jon   Stewart,"Stewart, Jon","David Javerbaum, Rory Albanese, Steve Bodow, Josh Lieb","=""044657922X""","=""9780446579223""",0,3.90,Grand Central Publishing,Hardcover,246,2010,2010,,2017/01/04,to-read,to-read (#7),to-read,,,,0,0
706,America (The Book): A Citizen's Guide to Democracy Inaction,Jon   Stewart,"Stewart, Jon","Ben Karlin, David Javerbaum, Rich Bloomquist, Steve Bodow, Tim Carvell, Eric Drysdale, J.R. Havlan, Scott Jacobson, Tom Johnson, Rob Kutner, Chris Regan, Jason Reich, Jason Ross, Stephen Colbert, Samantha Bee, Rob Corddry, Brendan Hay, Ed Helms","=""0713998946""","=""9780713998948""",0,4.01,Allen Lane,Hardcover,228,2004,2004,,2017/01/04,to-read,to-read (#6),to-read,,,,0,0
28964412,"The Daily Show (The Audiobook): An Oral History as Told by Jon Stewart, the Correspondents, Staff and Guests",Chris    Smith,"Smith, Chris","Jon   Stewart, Oliver Wyman, Jay Snyder, Kevin T. Collins, Chris Lutkin, Robert Fass, Lauren Fortgang","=""1478936568""","=""9781478936565""",0,4.14,Grand Central Publishing,Audiobook,16,2016,2016,,2017/01/04,to-read,to-read (#5),to-read,,,,0,0
28381,Dead Souls,Nikolai Gogol,"Gogol, Nikolai",Robert A. Maguire,"=""0140448071""","=""9780140448078""",4,3.98,Penguin Classics,Paperback,464,2004,1842,,2017/01/04,,,read,,,,1,0
7144,Crime and Punishment,Fyodor Dostoevsky,"Dostoevsky, Fyodor","David McDuff, Joseph Frank","=""""","=""""",5,4.29,Penguin,Paperback,671,2002,1866,,2017/01/04,,,read,,,,1,0
7595273,"Moromeții II (Moromeții, #2)",Marin Preda,"Preda, Marin",,"=""""","=""""",4,3.55,Curtea Veche Publishing,Hardcover,546,2009,1967,,2017/01/04,,,read,,,,1,0
2142727,Cel mai iubit dintre pământeni,Marin Preda,"Preda, Marin",,"=""9737883217""","=""9789737883216""",5,4.39,Editura Cartex Serv,Paperback,1200,2008,1984,,2017/01/04,,,read,,,,1,0
1512007,"Moromeții I (Moromeții, #1)",Marin Preda,"Preda, Marin",,"=""9736698416""","=""9789736698415""",5,3.84,Curtea Veche,Hardcover,416,2009,1955,,2017/01/04,,,read,,,,1,0
11,"The Hitchhiker’s Guide to the Galaxy (Hitchhiker's Guide to the Galaxy, #1)",Douglas Adams,"Adams, Douglas",,"=""""","=""""",4,4.22,Del Rey Books,Mass Market Paperback,216,2005,1979,,2016/12/21,,,read,,,,1,0
17289087,Look Who's Back,Timur Vermes,"Vermes, Timur",Jamie Bulloch,"=""0857052926""","=""9780857052926""",4,3.43,MacLehose Press,Hardcover,313,2015,2012,,2016/12/21,,,read,,,,1,0
4981,Slaughterhouse-Five,Kurt Vonnegut Jr.,"Jr., Kurt Vonnegut",,"=""""","=""""",5,4.10,Dial Press,Paperback,275,1999,1969,,2016/12/21,,,read,,,,1,0
22557272,The Girl on the Train,Paula Hawkins,"Hawkins, Paula",,"=""1594633665""","=""9781594633669""",0,3.96,Riverhead Books,Hardcover,336,2015,2015,,2016/12/21,to-read,to-read (#43),to-read,,,,0,0
